date,product,units_sold,price,stock_level
2024-08-24,Wireless Earbuds,50,1467.82,1150
2024-08-25,Wireless Earbuds,40,1440.51,1110
2024-08-26,Wireless Earbuds,39,1489.52,1071
2024-08-27,Wireless Earbuds,42,1525.36,1029
2024-08-28,Wireless Earbuds,40,1532.79,989
2024-08-29,Wireless Earbuds,32,1510.06,957
2024-08-30,Wireless Earbuds,37,1497.5,920
2024-08-31,Wireless Earbuds,41,1535.65,879
2024-09-01,Wireless Earbuds,48,1488.44,831
2024-09-02,Wireless Earbuds,55,1191.82,776
2024-09-03,Wireless Earbuds,56,1252.83,720
2024-09-04,Wireless Earbuds,41,1349.69,679
2024-09-05,Wireless Earbuds,63,1178.73,616
2024-09-06,Wireless Earbuds,33,1515.28,583
2024-09-07,Wireless Earbuds,45,1502.5,1538
2024-09-08,Wireless Earbuds,48,1505.7,1490
2024-09-09,Wireless Earbuds,48,1206.54,1442
2024-09-10,Wireless Earbuds,50,1237.95,1392
2024-09-11,Wireless Earbuds,47,1490.75,1345
2024-09-12,Wireless Earbuds,27,1528.03,1318
2024-09-13,Wireless Earbuds,41,1503.88,1277
2024-09-14,Wireless Earbuds,40,1522.78,1237
2024-09-15,Wireless Earbuds,41,1524.72,1196
2024-09-16,Wireless Earbuds,34,1465.02,1162
2024-09-17,Wireless Earbuds,42,1503.27,1120
2024-09-18,Wireless Earbuds,42,1503.75,1078
2024-09-19,Wireless Earbuds,33,1512.69,1045
2024-09-20,Wireless Earbuds,53,1215.46,992
2024-09-21,Wireless Earbuds,58,1315.18,1934
2024-09-22,Wireless Earbuds,42,1518.95,1892
2024-09-23,Wireless Earbuds,28,1496.61,1864
2024-09-24,Wireless Earbuds,34,1459.35,1830
2024-09-25,Wireless Earbuds,37,1471.85,1793
2024-09-26,Wireless Earbuds,43,1488.32,1750
2024-09-27,Wireless Earbuds,33,1492.84,1717
2024-09-28,Wireless Earbuds,32,1524.19,1685
2024-09-29,Wireless Earbuds,40,1506.13,1645
2024-09-30,Wireless Earbuds,35,1501.16,1610
2024-10-01,Wireless Earbuds,55,1499.66,1555
2024-10-02,Wireless Earbuds,48,1468.32,1507
2024-10-03,Wireless Earbuds,60,1309.59,1447
2024-10-04,Wireless Earbuds,59,1252.58,1388
2024-10-05,Wireless Earbuds,52,1471.22,2336
2024-10-06,Wireless Earbuds,50,1518.04,2286
2024-10-07,Wireless Earbuds,49,1468.55,2237
2024-10-08,Wireless Earbuds,60,1558.86,2177
2024-10-09,Wireless Earbuds,35,1469.33,2142
2024-10-10,Wireless Earbuds,45,1474.63,2097
2024-10-11,Wireless Earbuds,52,1494.78,2045
2024-10-12,Wireless Earbuds,47,1494.24,1998
2024-10-13,Wireless Earbuds,53,1484.42,1945
2024-10-14,Wireless Earbuds,51,1502.91,1894
2024-10-15,Wireless Earbuds,42,1463.48,1852
2024-10-16,Wireless Earbuds,37,1562.81,1815
2024-10-17,Wireless Earbuds,53,1471.93,1762
2024-10-18,Wireless Earbuds,46,1494.3,1716
2024-10-19,Wireless Earbuds,49,1512.37,2667
2024-10-20,Wireless Earbuds,56,1460.69,2611
2024-10-21,Wireless Earbuds,45,1503.8,2566
2024-10-22,Wireless Earbuds,45,1538.15,2521
2024-10-23,Wireless Earbuds,47,1532.17,2474
2024-10-24,Wireless Earbuds,38,1504.49,2436
2024-10-25,Wireless Earbuds,54,1548.49,2382
2024-10-26,Wireless Earbuds,62,1487.51,2320
2024-10-27,Wireless Earbuds,45,1541.13,2275
2024-10-28,Wireless Earbuds,47,1487.17,2228
2024-10-29,Wireless Earbuds,54,1509.12,2174
2024-10-30,Wireless Earbuds,33,1518.31,2141
2024-10-31,Wireless Earbuds,40,1473.72,2101
2024-11-01,Wireless Earbuds,58,1488.98,2043
2024-11-02,Wireless Earbuds,57,1499.92,2986
2024-11-03,Wireless Earbuds,61,1529.06,2925
2024-11-04,Wireless Earbuds,48,1494.37,2877
2024-11-05,Wireless Earbuds,65,1329.97,2812
2024-11-06,Wireless Earbuds,97,1137.01,2715
2024-11-07,Wireless Earbuds,75,1148.3,2640
2024-11-08,Wireless Earbuds,72,1329.2,2568
2024-11-09,Wireless Earbuds,57,1477.14,2511
2024-11-10,Wireless Earbuds,54,1494.12,2457
2024-11-11,Wireless Earbuds,45,1565.29,2412
2024-11-12,Wireless Earbuds,49,1532.69,2363
2024-11-13,Wireless Earbuds,68,1455.02,2295
2024-11-14,Wireless Earbuds,65,1466.12,2230
2024-11-15,Wireless Earbuds,52,1463.88,2178
2024-11-16,Wireless Earbuds,50,1550.83,3128
2024-11-17,Wireless Earbuds,61,1522.3,3067
2024-11-18,Wireless Earbuds,44,1494.99,3023
2024-11-19,Wireless Earbuds,64,1302.85,2959
2024-11-20,Wireless Earbuds,78,1207.32,2881
2024-11-21,Wireless Earbuds,73,1244.35,2808
2024-11-22,Wireless Earbuds,65,1320.0,2743
2024-11-23,Wireless Earbuds,65,1561.75,2678
2024-11-24,Wireless Earbuds,55,1476.12,2623
2024-11-25,Wireless Earbuds,55,1506.88,2568
2024-11-26,Wireless Earbuds,54,1526.8,2514
2024-11-27,Wireless Earbuds,55,1484.86,2459
2024-11-28,Wireless Earbuds,53,1490.24,2406
2024-11-29,Wireless Earbuds,61,1503.57,2345
2024-11-30,Wireless Earbuds,62,1491.9,3283
2024-12-01,Wireless Earbuds,55,1487.85,3228
2024-12-02,Wireless Earbuds,44,1550.79,3184
2024-12-03,Wireless Earbuds,57,1489.15,3127
2024-12-04,Wireless Earbuds,65,1488.97,3062
2024-12-05,Wireless Earbuds,60,1550.93,3002
2024-12-06,Wireless Earbuds,56,1551.28,2946
2024-12-07,Wireless Earbuds,67,1490.11,2879
2024-12-08,Wireless Earbuds,56,1528.67,2823
2024-12-09,Wireless Earbuds,64,1493.28,2759
2024-12-10,Wireless Earbuds,58,1553.58,2701
2024-12-11,Wireless Earbuds,50,1496.99,2651
2024-12-12,Wireless Earbuds,58,1544.31,2593
2024-12-13,Wireless Earbuds,60,1468.61,2533
2024-12-14,Wireless Earbuds,69,1478.88,3464
2024-12-15,Wireless Earbuds,51,1517.25,3413
2024-12-16,Wireless Earbuds,60,1501.16,3353
2024-12-17,Wireless Earbuds,58,1437.14,3295
2024-12-18,Wireless Earbuds,70,1451.58,3225
2024-12-19,Wireless Earbuds,52,1524.38,3173
2024-12-20,Wireless Earbuds,57,1531.03,3116
2024-12-21,Wireless Earbuds,60,1507.1,3056
2024-12-22,Wireless Earbuds,69,1494.43,2987
2024-12-23,Wireless Earbuds,59,1467.27,2928
2024-12-24,Wireless Earbuds,54,1476.71,2874
2024-12-25,Wireless Earbuds,56,1524.31,2818
2024-12-26,Wireless Earbuds,61,1524.69,2757
2024-12-27,Wireless Earbuds,52,1568.78,2705
2024-12-28,Wireless Earbuds,60,1547.1,3645
2024-12-29,Wireless Earbuds,84,1241.58,3561
2024-12-30,Wireless Earbuds,82,1260.86,3479
2024-12-31,Wireless Earbuds,49,1507.28,3430
2025-01-01,Wireless Earbuds,37,1500.63,3393
2025-01-02,Wireless Earbuds,40,1520.04,3353
2025-01-03,Wireless Earbuds,43,1505.87,3310
2025-01-04,Wireless Earbuds,48,1493.62,3262
2025-01-05,Wireless Earbuds,50,1487.2,3212
2025-01-06,Wireless Earbuds,38,1334.34,3174
2025-01-07,Wireless Earbuds,41,1261.87,3133
2025-01-08,Wireless Earbuds,63,1153.15,3070
2025-01-09,Wireless Earbuds,47,1504.93,3023
2025-01-10,Wireless Earbuds,49,1496.93,2974
2025-01-11,Wireless Earbuds,44,1473.89,3930
2025-01-12,Wireless Earbuds,46,1472.37,3884
2025-01-13,Wireless Earbuds,30,1550.59,3854
2025-01-14,Wireless Earbuds,53,1161.22,3801
2025-01-15,Wireless Earbuds,46,1353.14,3755
2025-01-16,Wireless Earbuds,38,1466.93,3717
2025-01-17,Wireless Earbuds,43,1493.33,3674
2025-01-18,Wireless Earbuds,43,1538.59,3631
2025-01-19,Wireless Earbuds,43,1531.0,3588
2025-01-20,Wireless Earbuds,39,1510.49,3549
2025-01-21,Wireless Earbuds,50,1557.49,3499
2025-01-22,Wireless Earbuds,47,1503.8,3452
2025-01-23,Wireless Earbuds,40,1508.99,3412
2025-01-24,Wireless Earbuds,33,1474.02,3379
2025-01-25,Wireless Earbuds,46,1465.5,4333
2025-01-26,Wireless Earbuds,51,1557.08,4282
2025-01-27,Wireless Earbuds,38,1509.42,4244
2025-01-28,Wireless Earbuds,44,1504.56,4200
2025-01-29,Wireless Earbuds,33,1530.89,4167
2025-01-30,Wireless Earbuds,39,1576.88,4128
2025-01-31,Wireless Earbuds,44,1501.74,4084
2025-02-01,Wireless Earbuds,43,1493.89,4041
2025-02-02,Wireless Earbuds,53,1473.47,3988
2025-02-03,Wireless Earbuds,39,1509.99,3949
2025-02-04,Wireless Earbuds,47,1489.75,3902
2025-02-05,Wireless Earbuds,30,1488.94,3872
2025-02-06,Wireless Earbuds,45,1539.89,3827
2025-02-07,Wireless Earbuds,26,1453.95,3801
2025-02-08,Wireless Earbuds,46,1571.56,4755
2025-02-09,Wireless Earbuds,37,1512.94,4718
2025-02-10,Wireless Earbuds,41,1501.98,4677
2025-02-11,Wireless Earbuds,45,1509.33,4632
2025-02-12,Wireless Earbuds,50,1525.92,4582
2025-02-13,Wireless Earbuds,51,1472.39,4531
2025-02-14,Wireless Earbuds,37,1541.09,4494
2025-02-15,Wireless Earbuds,49,1502.94,4445
2025-02-16,Wireless Earbuds,43,1488.15,4402
2025-02-17,Wireless Earbuds,31,1512.56,4371
2025-02-18,Wireless Earbuds,49,1482.85,4322
2025-02-19,Wireless Earbuds,33,1475.42,4289
2025-02-20,Wireless Earbuds,40,1506.43,4249
2025-02-21,Wireless Earbuds,43,1494.23,4206
2025-02-22,Wireless Earbuds,51,1520.19,5155
2025-02-23,Wireless Earbuds,49,1515.68,5106
2025-02-24,Wireless Earbuds,40,1496.39,5066
2025-02-25,Wireless Earbuds,36,1468.05,5030
2025-02-26,Wireless Earbuds,37,1483.6,4993
2025-02-27,Wireless Earbuds,41,1509.02,4952
2025-02-28,Wireless Earbuds,45,1525.99,4907
2025-03-01,Wireless Earbuds,69,1232.02,4838
2025-03-02,Wireless Earbuds,63,1308.43,4775
2025-03-03,Wireless Earbuds,55,1184.89,4720
2025-03-04,Wireless Earbuds,54,1274.92,4666
2025-03-05,Wireless Earbuds,27,1509.9,4639
2025-03-06,Wireless Earbuds,36,1490.19,4603
2025-03-07,Wireless Earbuds,32,1558.88,4571
2025-03-08,Wireless Earbuds,57,1506.06,5514
2025-03-09,Wireless Earbuds,59,1506.47,5455
2025-03-10,Wireless Earbuds,33,1486.29,5422
2025-03-11,Wireless Earbuds,73,1115.76,5349
2025-03-12,Wireless Earbuds,58,1211.95,5291
2025-03-13,Wireless Earbuds,54,1255.41,5237
2025-03-14,Wireless Earbuds,67,1176.74,5170
2025-03-15,Wireless Earbuds,54,1448.47,5116
2025-03-16,Wireless Earbuds,39,1506.05,5077
2025-03-17,Wireless Earbuds,35,1474.82,5042
2025-03-18,Wireless Earbuds,38,1506.24,5004
2025-03-19,Wireless Earbuds,43,1485.79,4961
2025-03-20,Wireless Earbuds,46,1480.42,4915
2025-03-21,Wireless Earbuds,51,1486.66,4864
2025-03-22,Wireless Earbuds,62,1426.66,5802
2025-03-23,Wireless Earbuds,37,1486.85,5765
2025-03-24,Wireless Earbuds,41,1490.42,5724
2025-03-25,Wireless Earbuds,44,1516.38,5680
2025-03-26,Wireless Earbuds,53,1519.96,5627
2025-03-27,Wireless Earbuds,42,1488.89,5585
2025-03-28,Wireless Earbuds,46,1447.11,5539
2025-03-29,Wireless Earbuds,44,1554.4,5495
2025-03-30,Wireless Earbuds,54,1465.91,5441
2025-03-31,Wireless Earbuds,71,1185.45,5370
2025-04-01,Wireless Earbuds,70,1126.08,5300
2025-04-02,Wireless Earbuds,57,1261.93,5243
2025-04-03,Wireless Earbuds,63,1232.42,5180
2025-04-04,Wireless Earbuds,70,1169.83,5110
2025-04-05,Wireless Earbuds,44,1507.17,6066
2025-04-06,Wireless Earbuds,49,1524.06,6017
2025-04-07,Wireless Earbuds,44,1510.55,5973
2025-04-08,Wireless Earbuds,47,1494.0,5926
2025-04-09,Wireless Earbuds,37,1536.53,5889
2025-04-10,Wireless Earbuds,40,1483.98,5849
2025-04-11,Wireless Earbuds,50,1522.71,5799
2025-04-12,Wireless Earbuds,51,1486.27,5748
2025-04-13,Wireless Earbuds,33,1527.54,5715
2025-04-14,Wireless Earbuds,29,1475.54,5686
2025-04-15,Wireless Earbuds,55,1273.68,5631
2025-04-16,Wireless Earbuds,66,1236.61,5565
2025-04-17,Wireless Earbuds,59,1277.13,5506
2025-04-18,Wireless Earbuds,58,1249.86,5448
2025-04-19,Wireless Earbuds,75,1171.32,6373
2025-04-20,Wireless Earbuds,41,1492.68,6332
2025-04-21,Wireless Earbuds,39,1519.56,6293
2025-04-22,Wireless Earbuds,49,1496.12,6244
2025-04-23,Wireless Earbuds,39,1454.13,6205
2025-04-24,Wireless Earbuds,46,1507.47,6159
2025-04-25,Wireless Earbuds,66,1162.48,6093
2025-04-26,Wireless Earbuds,61,1332.49,6032
2025-04-27,Wireless Earbuds,66,1310.89,5966
2025-04-28,Wireless Earbuds,31,1450.44,5935
2025-04-29,Wireless Earbuds,34,1534.61,5901
2025-04-30,Wireless Earbuds,47,1501.97,5854
2025-05-01,Wireless Earbuds,39,1514.48,5815
2025-05-02,Wireless Earbuds,40,1499.34,5775
2025-05-03,Wireless Earbuds,55,1560.42,6720
2025-05-04,Wireless Earbuds,55,1471.39,6665
2025-05-05,Wireless Earbuds,49,1512.27,6616
2025-05-06,Wireless Earbuds,44,1521.19,6572
2025-05-07,Wireless Earbuds,45,1314.08,6527
2025-05-08,Wireless Earbuds,68,1222.82,6459
2025-05-09,Wireless Earbuds,60,1221.78,6399
2025-05-10,Wireless Earbuds,74,1198.1,6325
2025-05-11,Wireless Earbuds,40,1500.81,6285
2025-05-12,Wireless Earbuds,75,1124.01,6210
2025-05-13,Wireless Earbuds,67,1147.6,6143
2025-05-14,Wireless Earbuds,61,1204.38,6082
2025-05-15,Wireless Earbuds,35,1476.63,6047
2025-05-16,Wireless Earbuds,30,1510.73,6017
2025-05-17,Wireless Earbuds,74,1177.02,6943
2025-05-18,Wireless Earbuds,73,1203.94,6870
2025-05-19,Wireless Earbuds,49,1510.37,6821
2025-05-20,Wireless Earbuds,34,1495.04,6787
2025-05-21,Wireless Earbuds,40,1505.51,6747
2025-05-22,Wireless Earbuds,38,1506.58,6709
2025-05-23,Wireless Earbuds,38,1508.34,6671
2025-05-24,Wireless Earbuds,40,1507.19,6631
2025-05-25,Wireless Earbuds,38,1542.1,6593
2025-05-26,Wireless Earbuds,44,1443.18,6549
2025-05-27,Wireless Earbuds,49,1495.47,6500
2025-05-28,Wireless Earbuds,50,1510.87,6450
2025-05-29,Wireless Earbuds,37,1487.61,6413
2025-05-30,Wireless Earbuds,50,1489.22,6363
2025-05-31,Wireless Earbuds,59,1488.93,7304
2025-06-01,Wireless Earbuds,44,1551.58,7260
2025-06-02,Wireless Earbuds,60,1509.96,7200
2025-06-03,Wireless Earbuds,48,1477.8,7152
2025-06-04,Wireless Earbuds,47,1484.32,7105
2025-06-05,Wireless Earbuds,41,1507.35,7064
2025-06-06,Wireless Earbuds,29,1511.74,7035
2025-06-07,Wireless Earbuds,40,1469.56,6995
2025-06-08,Wireless Earbuds,43,1501.52,6952
2025-06-09,Wireless Earbuds,40,1458.76,6912
2025-06-10,Wireless Earbuds,42,1497.6,6870
2025-06-11,Wireless Earbuds,40,1520.71,6830
2025-06-12,Wireless Earbuds,44,1440.28,6786
2025-06-13,Wireless Earbuds,41,1495.9,6745
2025-06-14,Wireless Earbuds,38,1527.41,7707
2025-06-15,Wireless Earbuds,50,1466.22,7657
2025-06-16,Wireless Earbuds,26,1486.07,7631
2025-06-17,Wireless Earbuds,38,1474.03,7593
2025-06-18,Wireless Earbuds,39,1500.16,7554
2025-06-19,Wireless Earbuds,36,1478.73,7518
2025-06-20,Wireless Earbuds,45,1452.96,7473
2025-06-21,Wireless Earbuds,56,1494.58,7417
2025-06-22,Wireless Earbuds,42,1560.77,7375
2025-06-23,Wireless Earbuds,34,1501.1,7341
2025-06-24,Wireless Earbuds,43,1510.9,7298
2025-06-25,Wireless Earbuds,46,1528.6,7252
2025-06-26,Wireless Earbuds,45,1470.13,7207
2025-06-27,Wireless Earbuds,41,1442.61,7166
2025-06-28,Wireless Earbuds,43,1502.57,8123
2025-06-29,Wireless Earbuds,42,1555.43,8081
2025-06-30,Wireless Earbuds,41,1492.04,8040
2025-07-01,Wireless Earbuds,46,1512.44,7994
2025-07-02,Wireless Earbuds,43,1508.28,7951
2025-07-03,Wireless Earbuds,46,1496.37,7905
2025-07-04,Wireless Earbuds,45,1505.34,7860
2025-07-05,Wireless Earbuds,46,1534.99,7814
2025-07-06,Wireless Earbuds,28,1509.07,7786
2025-07-07,Wireless Earbuds,35,1389.62,7751
2025-07-08,Wireless Earbuds,32,1513.32,7719
2025-07-09,Wireless Earbuds,73,1202.55,7646
2025-07-10,Wireless Earbuds,72,1170.61,7574
2025-07-11,Wireless Earbuds,54,1253.9,7520
2025-07-12,Wireless Earbuds,75,1124.94,8445
2025-07-13,Wireless Earbuds,52,1476.75,8393
2025-07-14,Wireless Earbuds,39,1490.52,8354
2025-07-15,Wireless Earbuds,33,1517.49,8321
2025-07-16,Wireless Earbuds,36,1532.12,8285
2025-07-17,Wireless Earbuds,42,1512.31,8243
2025-07-18,Wireless Earbuds,44,1505.88,8199
2025-07-19,Wireless Earbuds,36,1517.95,8163
2025-07-20,Wireless Earbuds,43,1489.93,8120
2025-07-21,Wireless Earbuds,48,1543.35,8072
2025-07-22,Wireless Earbuds,42,1495.71,8030
2025-07-23,Wireless Earbuds,40,1502.63,7990
2025-07-24,Wireless Earbuds,35,1497.22,7955
2025-07-25,Wireless Earbuds,38,1518.0,7917
2025-07-26,Wireless Earbuds,42,1519.09,8875
2025-07-27,Wireless Earbuds,37,1510.36,8838
2025-07-28,Wireless Earbuds,30,1483.99,8808
2025-07-29,Wireless Earbuds,41,1468.39,8767
2025-07-30,Wireless Earbuds,43,1488.9,8724
2025-07-31,Wireless Earbuds,41,1508.48,8683
2025-08-01,Wireless Earbuds,40,1435.8,8643
2025-08-02,Wireless Earbuds,45,1500.08,8598
2025-08-03,Wireless Earbuds,44,1534.61,8554
2025-08-04,Wireless Earbuds,35,1513.55,8519
2025-08-05,Wireless Earbuds,34,1528.56,8485
2025-08-06,Wireless Earbuds,32,1519.31,8453
2025-08-07,Wireless Earbuds,38,1519.94,8415
2025-08-08,Wireless Earbuds,37,1473.24,8378
2025-08-09,Wireless Earbuds,49,1470.35,9329
2025-08-10,Wireless Earbuds,46,1492.88,9283
2025-08-11,Wireless Earbuds,50,1457.71,9233
2025-08-12,Wireless Earbuds,39,1511.33,9194
2025-08-13,Wireless Earbuds,48,1494.39,9146
2025-08-14,Wireless Earbuds,33,1532.94,9113
2025-08-15,Wireless Earbuds,60,1170.97,9053
2025-08-16,Wireless Earbuds,55,1317.87,8998
2025-08-17,Wireless Earbuds,42,1451.25,8956
2025-08-18,Wireless Earbuds,54,1538.54,8902
2025-08-19,Wireless Earbuds,38,1542.03,8864
2025-08-20,Wireless Earbuds,38,1511.97,8826
2025-08-21,Wireless Earbuds,31,1486.76,8795
2025-08-22,Wireless Earbuds,36,1518.58,8759
2025-08-23,Wireless Earbuds,49,1499.25,9710
2025-08-24,Wireless Earbuds,53,1479.33,9657
2025-08-25,Wireless Earbuds,44,1513.83,9613
2025-08-26,Wireless Earbuds,41,1532.88,9572
2025-08-27,Wireless Earbuds,55,1282.85,9517
2025-08-28,Wireless Earbuds,71,1132.87,9446
2025-08-29,Wireless Earbuds,55,1200.57,9391
2025-08-30,Wireless Earbuds,44,1464.46,9347
2025-08-31,Wireless Earbuds,51,1501.37,9296
2025-09-01,Wireless Earbuds,32,1509.55,9264
2025-09-02,Wireless Earbuds,60,1157.31,9204
2025-09-03,Wireless Earbuds,60,1157.73,9144
2025-09-04,Wireless Earbuds,26,1491.69,9118
2025-09-05,Wireless Earbuds,34,1491.11,9084
2025-09-06,Wireless Earbuds,52,1494.06,10032
2025-09-07,Wireless Earbuds,43,1500.12,9989
2025-09-08,Wireless Earbuds,22,1550.53,9967
2025-09-09,Wireless Earbuds,39,1482.72,9928
2025-09-10,Wireless Earbuds,35,1513.18,9893
2025-09-11,Wireless Earbuds,38,1529.89,9855
2025-09-12,Wireless Earbuds,34,1507.17,9821
2025-09-13,Wireless Earbuds,44,1502.32,9777
2025-09-14,Wireless Earbuds,39,1425.52,9738
2025-09-15,Wireless Earbuds,37,1488.11,9701
2025-09-16,Wireless Earbuds,34,1469.46,9667
2025-09-17,Wireless Earbuds,33,1553.02,9634
2025-09-18,Wireless Earbuds,55,1211.28,9579
2025-09-19,Wireless Earbuds,51,1155.16,9528
2025-09-20,Wireless Earbuds,46,1476.16,10482
2025-09-21,Wireless Earbuds,35,1511.52,10447
2025-09-22,Wireless Earbuds,43,1475.01,10404
2025-09-23,Wireless Earbuds,61,1196.17,10343
2025-09-24,Wireless Earbuds,60,1239.92,10283
2025-09-25,Wireless Earbuds,43,1491.31,10240
2025-09-26,Wireless Earbuds,28,1557.78,10212
2025-09-27,Wireless Earbuds,35,1543.52,10177
2025-09-28,Wireless Earbuds,47,1484.42,10130
2025-09-29,Wireless Earbuds,35,1479.5,10095
2025-09-30,Wireless Earbuds,53,1472.63,10042
2025-10-01,Wireless Earbuds,41,1525.59,10001
2025-10-02,Wireless Earbuds,31,1477.61,9970
2025-10-03,Wireless Earbuds,35,1444.72,9935
2025-10-04,Wireless Earbuds,50,1538.72,10885
2025-10-05,Wireless Earbuds,56,1511.32,10829
2025-10-06,Wireless Earbuds,56,1289.64,10773
2025-10-07,Wireless Earbuds,67,1180.9,10706
2025-10-08,Wireless Earbuds,40,1465.34,10666
2025-10-09,Wireless Earbuds,50,1430.5,10616
2025-10-10,Wireless Earbuds,47,1475.24,10569
2025-10-11,Wireless Earbuds,61,1517.53,10508
2025-10-12,Wireless Earbuds,65,1468.98,10443
2025-10-13,Wireless Earbuds,44,1530.33,10399
2025-10-14,Wireless Earbuds,48,1444.81,10351
2025-10-15,Wireless Earbuds,53,1528.0,10298
2025-10-16,Wireless Earbuds,41,1508.05,10257
2025-10-17,Wireless Earbuds,44,1522.22,10213
2025-10-18,Wireless Earbuds,59,1484.54,11154
2025-10-19,Wireless Earbuds,48,1522.86,11106
2025-10-20,Wireless Earbuds,41,1495.54,11065
2025-10-21,Wireless Earbuds,48,1518.49,11017
2025-10-22,Wireless Earbuds,72,1132.8,10945
2025-10-23,Wireless Earbuds,66,1341.06,10879
2025-10-24,Wireless Earbuds,62,1352.9,10817
2025-10-25,Wireless Earbuds,85,1183.76,10732
2025-10-26,Wireless Earbuds,54,1500.81,10678
2025-10-27,Wireless Earbuds,58,1498.3,10620
2025-10-28,Wireless Earbuds,43,1504.09,10577
2025-10-29,Wireless Earbuds,51,1435.17,10526
2025-10-30,Wireless Earbuds,45,1451.76,10481
2025-10-31,Wireless Earbuds,48,1470.06,10433
2025-11-01,Wireless Earbuds,69,1422.67,11364
2025-11-02,Wireless Earbuds,45,1491.47,11319
2025-11-03,Wireless Earbuds,33,1535.96,11286
2025-11-04,Wireless Earbuds,59,1463.62,11227
2025-11-05,Wireless Earbuds,54,1511.11,11173
2025-11-06,Wireless Earbuds,54,1492.92,11119
2025-11-07,Wireless Earbuds,45,1534.69,11074
2025-11-08,Wireless Earbuds,50,1498.33,11024
2025-11-09,Wireless Earbuds,73,1255.5,10951
2025-11-10,Wireless Earbuds,56,1303.49,10895
2025-11-11,Wireless Earbuds,91,1111.67,10804
2025-11-12,Wireless Earbuds,88,1139.31,10716
2025-11-13,Wireless Earbuds,80,1168.34,10636
2025-11-14,Wireless Earbuds,56,1475.08,10580
2025-11-15,Wireless Earbuds,105,1110.13,11475
2025-11-16,Wireless Earbuds,81,1262.48,11394
2025-11-17,Wireless Earbuds,56,1491.42,11338
2025-11-18,Wireless Earbuds,63,1509.57,11275
2025-11-19,Wireless Earbuds,50,1487.72,11225
2025-11-20,Wireless Earbuds,50,1491.39,11175
2025-11-21,Wireless Earbuds,72,1234.91,11103
2025-11-22,Wireless Earbuds,106,1140.8,10997
2025-11-23,Wireless Earbuds,78,1219.59,10919
2025-11-24,Wireless Earbuds,71,1178.97,10848
2025-11-25,Wireless Earbuds,55,1498.27,10793
2025-11-26,Wireless Earbuds,54,1504.31,10739
2025-11-27,Wireless Earbuds,33,1535.76,10706
2025-11-28,Wireless Earbuds,42,1494.06,10664
2025-11-29,Wireless Earbuds,51,1536.44,11613
2025-11-30,Wireless Earbuds,59,1471.54,11554
2025-12-01,Wireless Earbuds,60,1482.73,11494
2025-12-02,Wireless Earbuds,57,1554.83,11437
2025-12-03,Wireless Earbuds,47,1516.25,11390
2025-12-04,Wireless Earbuds,56,1489.29,11334
2025-12-05,Wireless Earbuds,94,1159.83,11240
2025-12-06,Wireless Earbuds,81,1303.48,11159
2025-12-07,Wireless Earbuds,51,1565.85,11108
2025-12-08,Wireless Earbuds,49,1540.01,11059
2025-12-09,Wireless Earbuds,61,1528.84,10998
2025-12-10,Wireless Earbuds,56,1492.49,10942
2025-12-11,Wireless Earbuds,55,1541.01,10887
2025-12-12,Wireless Earbuds,61,1523.72,10826
2025-12-13,Wireless Earbuds,62,1521.35,11764
2025-12-14,Wireless Earbuds,58,1472.97,11706
2025-12-15,Wireless Earbuds,55,1496.5,11651
2025-12-16,Wireless Earbuds,67,1461.61,11584
2025-12-17,Wireless Earbuds,48,1509.81,11536
2025-12-18,Wireless Earbuds,59,1494.68,11477
2025-12-19,Wireless Earbuds,53,1544.46,11424
2025-12-20,Wireless Earbuds,70,1489.24,11354
2025-12-21,Wireless Earbuds,76,1487.15,11278
2025-12-22,Wireless Earbuds,54,1567.94,11224
2025-12-23,Wireless Earbuds,63,1509.71,11161
2025-12-24,Wireless Earbuds,62,1473.4,11099
2025-12-25,Wireless Earbuds,50,1500.21,11049
2025-12-26,Wireless Earbuds,50,1456.21,10999
2025-12-27,Wireless Earbuds,64,1532.73,11935
2025-12-28,Wireless Earbuds,66,1493.28,11869
2025-12-29,Wireless Earbuds,59,1455.32,11810
2025-12-30,Wireless Earbuds,60,1512.49,11750
2025-12-31,Wireless Earbuds,62,1508.89,11688
2026-01-01,Wireless Earbuds,31,1525.32,11657
2026-01-02,Wireless Earbuds,36,1504.36,11621
2026-01-03,Wireless Earbuds,41,1480.34,11580
2026-01-04,Wireless Earbuds,68,1147.32,11512
2026-01-05,Wireless Earbuds,51,1266.09,11461
2026-01-06,Wireless Earbuds,49,1480.27,11412
2026-01-07,Wireless Earbuds,44,1492.65,11368
2026-01-08,Wireless Earbuds,52,1497.71,11316
2026-01-09,Wireless Earbuds,43,1501.04,11273
2026-01-10,Wireless Earbuds,40,1439.12,12233
2026-01-11,Wireless Earbuds,56,1477.57,12177
2026-01-12,Wireless Earbuds,36,1441.0,12141
2026-01-13,Wireless Earbuds,40,1491.98,12101
2026-01-14,Wireless Earbuds,46,1531.34,12055
2026-01-15,Wireless Earbuds,56,1273.03,11999
2026-01-16,Wireless Earbuds,74,1183.78,11925
2026-01-17,Wireless Earbuds,65,1148.33,11860
2026-01-18,Wireless Earbuds,76,1131.38,11784
2026-01-19,Wireless Earbuds,41,1524.18,11743
2026-01-20,Wireless Earbuds,37,1539.89,11706
2026-01-21,Wireless Earbuds,45,1474.92,11661
2026-01-22,Wireless Earbuds,39,1452.02,11622
2026-01-23,Wireless Earbuds,33,1488.04,11589
2026-01-24,Wireless Earbuds,53,1477.16,12536
2026-01-25,Wireless Earbuds,45,1494.63,12491
2026-01-26,Wireless Earbuds,35,1474.52,12456
2026-01-27,Wireless Earbuds,35,1479.97,12421
2026-01-28,Wireless Earbuds,30,1520.88,12391
2026-01-29,Wireless Earbuds,43,1492.41,12348
2026-01-30,Wireless Earbuds,36,1455.42,12312
2026-01-31,Wireless Earbuds,78,1148.74,12234
2026-02-01,Wireless Earbuds,68,1261.74,12166
2026-02-02,Wireless Earbuds,48,1242.51,12118
2026-02-03,Wireless Earbuds,50,1428.72,12068
2026-02-04,Wireless Earbuds,33,1485.34,12035
2026-02-05,Wireless Earbuds,37,1493.79,11998
2026-02-06,Wireless Earbuds,42,1512.57,11956
2026-02-07,Wireless Earbuds,38,1546.3,12918
2026-02-08,Wireless Earbuds,53,1532.96,12865
2026-02-09,Wireless Earbuds,50,1489.64,12815
2026-02-10,Wireless Earbuds,40,1504.85,12775
2026-02-11,Wireless Earbuds,39,1507.64,12736
2026-02-12,Wireless Earbuds,37,1501.36,12699
2026-02-13,Wireless Earbuds,27,1586.37,12672
2026-02-14,Wireless Earbuds,52,1476.21,12620
2026-02-15,Wireless Earbuds,53,1521.84,12567
2026-02-16,Wireless Earbuds,26,1532.94,12541
2026-02-17,Wireless Earbuds,47,1510.24,12494
2026-02-18,Wireless Earbuds,44,1474.09,12450
2026-02-19,Wireless Earbuds,48,1507.49,12402
2026-02-20,Wireless Earbuds,40,1528.2,12362
2026-02-21,Wireless Earbuds,53,1454.9,13309
2026-02-22,Wireless Earbuds,53,1485.18,13256
2026-02-23,Wireless Earbuds,41,1500.6,13215
2026-02-24,Wireless Earbuds,38,1493.64,13177
2026-02-25,Wireless Earbuds,43,1537.16,13134
2026-02-26,Wireless Earbuds,33,1491.91,13101
2026-02-27,Wireless Earbuds,49,1446.24,13052
2026-02-28,Wireless Earbuds,37,1570.56,13015
2026-03-01,Wireless Earbuds,52,1552.91,12963
2026-03-02,Wireless Earbuds,41,1505.71,12922
2026-03-03,Wireless Earbuds,42,1478.05,12880
2026-03-04,Wireless Earbuds,44,1503.05,12836
2026-03-05,Wireless Earbuds,50,1450.58,12786
2026-03-06,Wireless Earbuds,41,1477.23,12745
2026-03-07,Wireless Earbuds,47,1468.26,13698
2026-03-08,Wireless Earbuds,53,1479.83,13645
2026-03-09,Wireless Earbuds,41,1506.43,13604
2026-03-10,Wireless Earbuds,33,1482.97,13571
2026-03-11,Wireless Earbuds,35,1483.05,13536
2026-03-12,Wireless Earbuds,57,1485.04,13479
2026-03-13,Wireless Earbuds,35,1505.1,13444
2026-03-14,Wireless Earbuds,34,1503.24,13410
2026-03-15,Wireless Earbuds,42,1556.05,13368
2026-03-16,Wireless Earbuds,39,1529.73,13329
2026-03-17,Wireless Earbuds,49,1430.77,13280
2026-03-18,Wireless Earbuds,44,1468.64,13236
2026-03-19,Wireless Earbuds,46,1483.16,13190
2026-03-20,Wireless Earbuds,32,1530.4,13158
2026-03-21,Wireless Earbuds,53,1349.04,14105
2026-03-22,Wireless Earbuds,76,1162.53,14029
2026-03-23,Wireless Earbuds,42,1496.28,13987
2026-03-24,Wireless Earbuds,41,1455.77,13946
2026-03-25,Wireless Earbuds,43,1457.98,13903
2026-03-26,Wireless Earbuds,39,1502.34,13864
2026-03-27,Wireless Earbuds,33,1514.19,13831
2026-03-28,Wireless Earbuds,46,1475.78,13785
2026-03-29,Wireless Earbuds,55,1484.26,13730
2026-03-30,Wireless Earbuds,39,1480.44,13691
2026-03-31,Wireless Earbuds,44,1531.95,13647
2026-04-01,Wireless Earbuds,33,1566.98,13614
2026-04-02,Wireless Earbuds,39,1463.74,13575
2026-04-03,Wireless Earbuds,37,1467.31,13538
2026-04-04,Wireless Earbuds,56,1462.52,14482
2026-04-05,Wireless Earbuds,41,1583.23,14441
2026-04-06,Wireless Earbuds,54,1460.17,14387
2026-04-07,Wireless Earbuds,33,1507.9,14354
2026-04-08,Wireless Earbuds,53,1465.38,14301
2026-04-09,Wireless Earbuds,53,1243.18,14248
2026-04-10,Wireless Earbuds,64,1260.91,14184
2026-04-11,Wireless Earbuds,71,1266.77,14113
2026-04-12,Wireless Earbuds,64,1304.23,14049
2026-04-13,Wireless Earbuds,63,1177.06,13986
2026-04-14,Wireless Earbuds,42,1489.19,13944
2026-04-15,Wireless Earbuds,42,1485.72,13902
2026-04-16,Wireless Earbuds,40,1489.87,13862
2026-04-17,Wireless Earbuds,48,1441.41,13814
2026-04-18,Wireless Earbuds,54,1500.19,14760
2026-04-19,Wireless Earbuds,53,1439.82,14707
2026-04-20,Wireless Earbuds,39,1504.1,14668
2026-04-21,Wireless Earbuds,43,1526.96,14625
2026-04-22,Wireless Earbuds,50,1435.81,14575
2026-04-23,Wireless Earbuds,36,1518.32,14539
2026-04-24,Wireless Earbuds,50,1524.8,14489
2026-04-25,Wireless Earbuds,53,1492.21,14436
2026-04-26,Wireless Earbuds,53,1465.5,14383
2026-04-27,Wireless Earbuds,43,1501.64,14340
2026-04-28,Wireless Earbuds,34,1543.32,14306
2026-04-29,Wireless Earbuds,47,1499.33,14259
2026-04-30,Wireless Earbuds,32,1459.72,14227
2026-05-01,Wireless Earbuds,41,1465.47,14186
2026-05-02,Wireless Earbuds,51,1479.77,15135
2026-05-03,Wireless Earbuds,50,1519.15,15085
2026-05-04,Wireless Earbuds,48,1493.94,15037
2026-05-05,Wireless Earbuds,48,1457.12,14989
2026-05-06,Wireless Earbuds,46,1541.35,14943
2026-05-07,Wireless Earbuds,40,1503.71,14903
2026-05-08,Wireless Earbuds,44,1487.88,14859
2026-05-09,Wireless Earbuds,45,1482.16,14814
2026-05-10,Wireless Earbuds,39,1467.09,14775
2026-05-11,Wireless Earbuds,48,1553.23,14727
2026-05-12,Wireless Earbuds,49,1520.73,14678
2026-05-13,Wireless Earbuds,29,1502.04,14649
2026-05-14,Wireless Earbuds,44,1467.11,14605
2026-05-15,Wireless Earbuds,47,1515.27,14558
2026-05-16,Wireless Earbuds,37,1464.92,15521
2026-05-17,Wireless Earbuds,67,1217.07,15454
2026-05-18,Wireless Earbuds,77,1116.41,15377
2026-05-19,Wireless Earbuds,53,1361.3,15324
2026-05-20,Wireless Earbuds,53,1315.13,15271
2026-05-21,Wireless Earbuds,64,1134.64,15207
2026-05-22,Wireless Earbuds,44,1514.28,15163
2026-05-23,Wireless Earbuds,27,1534.69,15136
2026-05-24,Wireless Earbuds,44,1529.74,15092
2026-05-25,Wireless Earbuds,49,1466.21,15043
2026-05-26,Wireless Earbuds,39,1532.85,15004
2026-05-27,Wireless Earbuds,36,1481.52,14968
2026-05-28,Wireless Earbuds,30,1520.96,14938
2026-05-29,Wireless Earbuds,50,1473.12,14888
2026-05-30,Wireless Earbuds,44,1547.09,15844
2026-05-31,Wireless Earbuds,44,1478.7,15800
2026-06-01,Wireless Earbuds,33,1501.84,15767
2026-06-02,Wireless Earbuds,31,1487.62,15736
2026-06-03,Wireless Earbuds,37,1471.75,15699
2026-06-04,Wireless Earbuds,42,1500.69,15657
2026-06-05,Wireless Earbuds,43,1479.39,15614
2026-06-06,Wireless Earbuds,38,1526.22,15576
2026-06-07,Wireless Earbuds,49,1481.43,15527
2026-06-08,Wireless Earbuds,40,1490.88,15487
2026-06-09,Wireless Earbuds,41,1513.54,15446
2026-06-10,Wireless Earbuds,46,1486.09,15400
2026-06-11,Wireless Earbuds,42,1489.81,15358
2026-06-12,Wireless Earbuds,47,1458.82,15311
2026-06-13,Wireless Earbuds,56,1505.51,16255
2026-06-14,Wireless Earbuds,43,1504.12,16212
2026-06-15,Wireless Earbuds,36,1491.44,16176
2026-06-16,Wireless Earbuds,49,1276.61,16127
2026-06-17,Wireless Earbuds,69,1141.17,16058
2026-06-18,Wireless Earbuds,46,1505.95,16012
2026-06-19,Wireless Earbuds,42,1510.75,15970
2026-06-20,Wireless Earbuds,61,1483.09,15909
2026-06-21,Wireless Earbuds,49,1327.53,15860
2026-06-22,Wireless Earbuds,40,1375.66,15820
2026-06-23,Wireless Earbuds,44,1306.62,15776
2026-06-24,Wireless Earbuds,42,1552.28,15734
2026-06-25,Wireless Earbuds,40,1503.78,15694
2026-06-26,Wireless Earbuds,42,1516.44,15652
2026-06-27,Wireless Earbuds,48,1475.32,16604
2026-06-28,Wireless Earbuds,40,1459.02,16564
2026-06-29,Wireless Earbuds,45,1421.0,16519
2026-06-30,Wireless Earbuds,35,1538.22,16484
2026-07-01,Wireless Earbuds,41,1487.1,16443
2026-07-02,Wireless Earbuds,47,1485.13,16396
2026-07-03,Wireless Earbuds,45,1507.83,16351
2026-07-04,Wireless Earbuds,38,1556.46,16313
2026-07-05,Wireless Earbuds,52,1469.19,16261
2026-07-06,Wireless Earbuds,33,1502.07,16228
2026-07-07,Wireless Earbuds,69,1288.87,16159
2026-07-08,Wireless Earbuds,59,1176.22,16100
2026-07-09,Wireless Earbuds,58,1146.32,16042
2026-07-10,Wireless Earbuds,52,1455.62,15990
2026-07-11,Wireless Earbuds,43,1510.38,16947
2026-07-12,Wireless Earbuds,44,1527.92,16903
2026-07-13,Wireless Earbuds,38,1493.12,16865
2026-07-14,Wireless Earbuds,41,1439.71,16824
2026-07-15,Wireless Earbuds,57,1231.45,16767
2026-07-16,Wireless Earbuds,60,1220.37,16707
2026-07-17,Wireless Earbuds,51,1313.75,16656
2026-07-18,Wireless Earbuds,48,1529.65,16608
2026-07-19,Wireless Earbuds,42,1484.97,16566
2026-07-20,Wireless Earbuds,43,1504.85,16523
2026-07-21,Wireless Earbuds,39,1523.55,16484
2026-07-22,Wireless Earbuds,33,1525.11,16451
2026-07-23,Wireless Earbuds,39,1545.27,16412
2026-07-24,Wireless Earbuds,45,1477.6,16367
2026-07-25,Wireless Earbuds,54,1483.65,17313
2026-07-26,Wireless Earbuds,48,1475.07,17265
2026-07-27,Wireless Earbuds,44,1513.88,17221
2026-07-28,Wireless Earbuds,37,1513.67,17184
2026-07-29,Wireless Earbuds,40,1502.22,17144
2026-07-30,Wireless Earbuds,39,1515.64,17105
2026-07-31,Wireless Earbuds,39,1501.03,17066
2026-08-01,Wireless Earbuds,38,1565.15,17028
2026-08-02,Wireless Earbuds,44,1531.03,16984
2026-08-03,Wireless Earbuds,41,1487.67,16943
2026-08-04,Wireless Earbuds,41,1488.46,16902
2026-08-05,Wireless Earbuds,46,1508.57,16856
2026-08-06,Wireless Earbuds,56,1489.04,16800
2026-08-07,Wireless Earbuds,36,1477.43,16764
2026-08-08,Wireless Earbuds,41,1527.08,17723
2026-08-09,Wireless Earbuds,49,1497.1,17674
2026-08-10,Wireless Earbuds,42,1466.75,17632
2026-08-11,Wireless Earbuds,33,1508.97,17599
2026-08-12,Wireless Earbuds,37,1476.7,17562
2026-08-13,Wireless Earbuds,41,1538.01,17521
2026-08-14,Wireless Earbuds,54,1536.39,17467
2026-08-15,Wireless Earbuds,42,1476.86,17425
2026-08-16,Wireless Earbuds,44,1466.69,17381
2026-08-17,Wireless Earbuds,38,1509.04,17343
2026-08-18,Wireless Earbuds,41,1514.22,17302
2026-08-19,Wireless Earbuds,37,1562.59,17265
2026-08-20,Wireless Earbuds,29,1468.95,17236
2026-08-21,Wireless Earbuds,36,1495.35,17200
2026-08-22,Wireless Earbuds,48,1515.46,18152
2026-08-23,Wireless Earbuds,61,1266.05,18091
2024-08-24,Smartwatch,28,2988.19,722
2024-08-25,Smartwatch,26,2950.21,696
2024-08-26,Smartwatch,26,3004.45,670
2024-08-27,Smartwatch,22,2981.35,648
2024-08-28,Smartwatch,22,3035.64,626
2024-08-29,Smartwatch,28,3057.76,598
2024-08-30,Smartwatch,25,2947.03,573
2024-08-31,Smartwatch,25,2993.12,548
2024-09-01,Smartwatch,25,3004.56,523
2024-09-02,Smartwatch,20,2951.37,503
2024-09-03,Smartwatch,36,2338.86,467
2024-09-04,Smartwatch,24,2639.85,443
2024-09-05,Smartwatch,19,3093.94,424
2024-09-06,Smartwatch,24,2996.65,400
2024-09-07,Smartwatch,32,2980.71,993
2024-09-08,Smartwatch,32,2915.41,961
2024-09-09,Smartwatch,18,2961.78,943
2024-09-10,Smartwatch,30,2368.34,913
2024-09-11,Smartwatch,23,2482.73,890
2024-09-12,Smartwatch,31,2605.85,859
2024-09-13,Smartwatch,34,2442.0,825
2024-09-14,Smartwatch,26,2856.41,799
2024-09-15,Smartwatch,29,2987.31,770
2024-09-16,Smartwatch,23,3035.49,747
2024-09-17,Smartwatch,26,2971.68,721
2024-09-18,Smartwatch,17,2627.8,704
2024-09-19,Smartwatch,28,2543.26,676
2024-09-20,Smartwatch,30,2879.99,646
2024-09-21,Smartwatch,27,3065.27,1244
2024-09-22,Smartwatch,30,3020.77,1214
2024-09-23,Smartwatch,17,3057.24,1197
2024-09-24,Smartwatch,27,3067.47,1170
2024-09-25,Smartwatch,26,3068.87,1144
2024-09-26,Smartwatch,22,2954.01,1122
2024-09-27,Smartwatch,25,2292.4,1097
2024-09-28,Smartwatch,34,2485.56,1063
2024-09-29,Smartwatch,39,2569.64,1024
2024-09-30,Smartwatch,27,3014.68,997
2024-10-01,Smartwatch,41,2402.54,956
2024-10-02,Smartwatch,46,2496.33,910
2024-10-03,Smartwatch,43,2477.69,867
2024-10-04,Smartwatch,28,3067.39,839
2024-10-05,Smartwatch,24,3029.99,1440
2024-10-06,Smartwatch,36,3009.17,1404
2024-10-07,Smartwatch,31,2905.88,1373
2024-10-08,Smartwatch,52,2333.04,1321
2024-10-09,Smartwatch,43,2402.01,1278
2024-10-10,Smartwatch,31,2428.78,1247
2024-10-11,Smartwatch,32,2987.69,1215
2024-10-12,Smartwatch,30,2988.42,1185
2024-10-13,Smartwatch,35,3043.95,1150
2024-10-14,Smartwatch,29,2996.77,1121
2024-10-15,Smartwatch,31,2867.86,1090
2024-10-16,Smartwatch,33,3071.53,1057
2024-10-17,Smartwatch,28,2939.14,1029
2024-10-18,Smartwatch,32,3150.86,997
2024-10-19,Smartwatch,30,2975.74,1592
2024-10-20,Smartwatch,33,2932.98,1559
2024-10-21,Smartwatch,26,3094.54,1533
2024-10-22,Smartwatch,26,3029.26,1507
2024-10-23,Smartwatch,28,2993.8,1479
2024-10-24,Smartwatch,28,2907.06,1451
2024-10-25,Smartwatch,23,2962.17,1428
2024-10-26,Smartwatch,32,3066.36,1396
2024-10-27,Smartwatch,26,3041.34,1370
2024-10-28,Smartwatch,25,2945.77,1345
2024-10-29,Smartwatch,38,2404.47,1307
2024-10-30,Smartwatch,36,2457.75,1271
2024-10-31,Smartwatch,37,2607.62,1234
2024-11-01,Smartwatch,24,2977.73,1210
2024-11-02,Smartwatch,44,2944.96,1791
2024-11-03,Smartwatch,43,2912.55,1748
2024-11-04,Smartwatch,31,2954.32,1717
2024-11-05,Smartwatch,28,2859.42,1689
2024-11-06,Smartwatch,29,3091.96,1660
2024-11-07,Smartwatch,39,3067.0,1621
2024-11-08,Smartwatch,39,2997.99,1582
2024-11-09,Smartwatch,32,3060.63,1550
2024-11-10,Smartwatch,34,2984.45,1516
2024-11-11,Smartwatch,31,2898.47,1485
2024-11-12,Smartwatch,31,3058.71,1454
2024-11-13,Smartwatch,28,3033.26,1426
2024-11-14,Smartwatch,42,3048.14,1384
2024-11-15,Smartwatch,53,2250.71,1331
2024-11-16,Smartwatch,47,2646.48,1909
2024-11-17,Smartwatch,52,2418.88,1857
2024-11-18,Smartwatch,29,3058.74,1828
2024-11-19,Smartwatch,30,2884.04,1798
2024-11-20,Smartwatch,28,2989.73,1770
2024-11-21,Smartwatch,32,2952.57,1738
2024-11-22,Smartwatch,32,3038.7,1706
2024-11-23,Smartwatch,39,2973.01,1667
2024-11-24,Smartwatch,39,2944.56,1628
2024-11-25,Smartwatch,35,3011.7,1593
2024-11-26,Smartwatch,49,2306.18,1544
2024-11-27,Smartwatch,44,2464.84,1500
2024-11-28,Smartwatch,37,3049.86,1463
2024-11-29,Smartwatch,33,3012.78,1430
2024-11-30,Smartwatch,42,2956.91,2013
2024-12-01,Smartwatch,48,3064.42,1965
2024-12-02,Smartwatch,36,2867.49,1929
2024-12-03,Smartwatch,36,3032.17,1893
2024-12-04,Smartwatch,40,3028.06,1853
2024-12-05,Smartwatch,35,3090.27,1818
2024-12-06,Smartwatch,34,2980.58,1784
2024-12-07,Smartwatch,44,3011.97,1740
2024-12-08,Smartwatch,65,2333.56,1675
2024-12-09,Smartwatch,48,2447.11,1627
2024-12-10,Smartwatch,43,2738.34,1584
2024-12-11,Smartwatch,60,2313.0,1524
2024-12-12,Smartwatch,40,2734.16,1484
2024-12-13,Smartwatch,33,3063.92,1451
2024-12-14,Smartwatch,41,3031.52,2035
2024-12-15,Smartwatch,45,2988.51,1990
2024-12-16,Smartwatch,40,2901.72,1950
2024-12-17,Smartwatch,37,3027.8,1913
2024-12-18,Smartwatch,35,3046.23,1878
2024-12-19,Smartwatch,44,2699.34,1834
2024-12-20,Smartwatch,55,2223.0,1779
2024-12-21,Smartwatch,46,2873.94,1733
2024-12-22,Smartwatch,47,2873.09,1686
2024-12-23,Smartwatch,36,3088.38,1650
2024-12-24,Smartwatch,41,3078.66,1609
2024-12-25,Smartwatch,38,2942.53,1571
2024-12-26,Smartwatch,40,2890.46,1531
2024-12-27,Smartwatch,41,3037.38,1490
2024-12-28,Smartwatch,43,2994.61,2072
2024-12-29,Smartwatch,48,2941.19,2024
2024-12-30,Smartwatch,41,2939.55,1983
2024-12-31,Smartwatch,38,3019.38,1945
2025-01-01,Smartwatch,30,3003.96,1915
2025-01-02,Smartwatch,21,3036.44,1894
2025-01-03,Smartwatch,27,3027.18,1867
2025-01-04,Smartwatch,34,2949.65,1833
2025-01-05,Smartwatch,35,2884.21,1798
2025-01-06,Smartwatch,24,3083.65,1774
2025-01-07,Smartwatch,21,3069.71,1753
2025-01-08,Smartwatch,28,2987.21,1725
2025-01-09,Smartwatch,30,2898.95,1695
2025-01-10,Smartwatch,19,2975.47,1676
2025-01-11,Smartwatch,33,2998.55,2268
2025-01-12,Smartwatch,25,3098.41,2243
2025-01-13,Smartwatch,25,3091.21,2218
2025-01-14,Smartwatch,30,2989.7,2188
2025-01-15,Smartwatch,26,2950.01,2162
2025-01-16,Smartwatch,26,2939.85,2136
2025-01-17,Smartwatch,29,3067.39,2107
2025-01-18,Smartwatch,41,2297.53,2066
2025-01-19,Smartwatch,34,2554.34,2032
2025-01-20,Smartwatch,32,2941.61,2000
2025-01-21,Smartwatch,22,3097.39,1978
2025-01-22,Smartwatch,20,3142.51,1958
2025-01-23,Smartwatch,30,3008.75,1928
2025-01-24,Smartwatch,23,2997.76,1905
2025-01-25,Smartwatch,39,2327.46,2491
2025-01-26,Smartwatch,31,2586.82,2460
2025-01-27,Smartwatch,30,2615.33,2430
2025-01-28,Smartwatch,26,2982.72,2404
2025-01-29,Smartwatch,30,3040.45,2374
2025-01-30,Smartwatch,24,3028.1,2350
2025-01-31,Smartwatch,26,3092.92,2324
2025-02-01,Smartwatch,34,3026.23,2290
2025-02-02,Smartwatch,26,3058.72,2264
2025-02-03,Smartwatch,19,3007.47,2245
2025-02-04,Smartwatch,30,2434.49,2215
2025-02-05,Smartwatch,38,2254.78,2177
2025-02-06,Smartwatch,37,2451.65,2140
2025-02-07,Smartwatch,32,2412.45,2108
2025-02-08,Smartwatch,25,3050.42,2708
2025-02-09,Smartwatch,43,2405.4,2665
2025-02-10,Smartwatch,34,2476.02,2631
2025-02-11,Smartwatch,30,2674.4,2601
2025-02-12,Smartwatch,37,2352.43,2564
2025-02-13,Smartwatch,26,3005.89,2538
2025-02-14,Smartwatch,27,2933.86,2511
2025-02-15,Smartwatch,32,2894.96,2479
2025-02-16,Smartwatch,27,2976.76,2452
2025-02-17,Smartwatch,20,3109.44,2432
2025-02-18,Smartwatch,33,2920.91,2399
2025-02-19,Smartwatch,24,2997.46,2375
2025-02-20,Smartwatch,35,2984.9,2340
2025-02-21,Smartwatch,29,2947.84,2311
2025-02-22,Smartwatch,35,2892.45,2901
2025-02-23,Smartwatch,27,3061.74,2874
2025-02-24,Smartwatch,29,2721.33,2845
2025-02-25,Smartwatch,38,2488.72,2807
2025-02-26,Smartwatch,42,2229.05,2765
2025-02-27,Smartwatch,28,2714.91,2737
2025-02-28,Smartwatch,42,2290.09,2695
2025-03-01,Smartwatch,28,2966.49,2667
2025-03-02,Smartwatch,32,3104.12,2635
2025-03-03,Smartwatch,28,3057.04,2607
2025-03-04,Smartwatch,25,2989.18,2582
2025-03-05,Smartwatch,24,3032.34,2558
2025-03-06,Smartwatch,33,2938.37,2525
2025-03-07,Smartwatch,30,3029.06,2495
2025-03-08,Smartwatch,37,2528.6,3083
2025-03-09,Smartwatch,38,2531.8,3045
2025-03-10,Smartwatch,25,2951.87,3020
2025-03-11,Smartwatch,28,3039.52,2992
2025-03-12,Smartwatch,23,3033.39,2969
2025-03-13,Smartwatch,29,3057.17,2940
2025-03-14,Smartwatch,27,2947.69,2913
2025-03-15,Smartwatch,33,2884.1,2880
2025-03-16,Smartwatch,28,2964.82,2852
2025-03-17,Smartwatch,25,2973.78,2827
2025-03-18,Smartwatch,35,2628.57,2792
2025-03-19,Smartwatch,29,2489.33,2763
2025-03-20,Smartwatch,35,2289.23,2728
2025-03-21,Smartwatch,39,2633.66,2689
2025-03-22,Smartwatch,49,2517.88,3265
2025-03-23,Smartwatch,35,2944.1,3230
2025-03-24,Smartwatch,29,2939.28,3201
2025-03-25,Smartwatch,27,3032.25,3174
2025-03-26,Smartwatch,26,3003.52,3148
2025-03-27,Smartwatch,29,3033.81,3119
2025-03-28,Smartwatch,25,2936.31,3094
2025-03-29,Smartwatch,33,3046.16,3061
2025-03-30,Smartwatch,34,3084.83,3027
2025-03-31,Smartwatch,30,2780.67,2997
2025-04-01,Smartwatch,26,2653.96,2971
2025-04-02,Smartwatch,47,2465.34,2924
2025-04-03,Smartwatch,22,2933.86,2902
2025-04-04,Smartwatch,25,3090.73,2877
2025-04-05,Smartwatch,29,2888.42,3473
2025-04-06,Smartwatch,32,2885.34,3441
2025-04-07,Smartwatch,25,2919.69,3416
2025-04-08,Smartwatch,27,3022.78,3389
2025-04-09,Smartwatch,30,3044.13,3359
2025-04-10,Smartwatch,28,3017.2,3331
2025-04-11,Smartwatch,25,2975.18,3306
2025-04-12,Smartwatch,29,3024.29,3277
2025-04-13,Smartwatch,28,2960.72,3249
2025-04-14,Smartwatch,31,2926.4,3218
2025-04-15,Smartwatch,30,2947.25,3188
2025-04-16,Smartwatch,31,2914.64,3157
2025-04-17,Smartwatch,27,2974.47,3130
2025-04-18,Smartwatch,22,3000.2,3108
2025-04-19,Smartwatch,38,2969.91,3695
2025-04-20,Smartwatch,34,2864.94,3661
2025-04-21,Smartwatch,32,3093.52,3629
2025-04-22,Smartwatch,23,3053.71,3606
2025-04-23,Smartwatch,25,2922.65,3581
2025-04-24,Smartwatch,28,3052.9,3553
2025-04-25,Smartwatch,26,2918.0,3527
2025-04-26,Smartwatch,34,3051.16,3493
2025-04-27,Smartwatch,20,2953.7,3473
2025-04-28,Smartwatch,24,3084.27,3449
2025-04-29,Smartwatch,30,3097.53,3419
2025-04-30,Smartwatch,26,2981.4,3393
2025-05-01,Smartwatch,26,3094.97,3367
2025-05-02,Smartwatch,21,3069.13,3346
2025-05-03,Smartwatch,21,2981.33,3950
2025-05-04,Smartwatch,33,2937.93,3917
2025-05-05,Smartwatch,33,3010.06,3884
2025-05-06,Smartwatch,27,2997.35,3857
2025-05-07,Smartwatch,38,2597.06,3819
2025-05-08,Smartwatch,36,2388.18,3783
2025-05-09,Smartwatch,35,2462.82,3748
2025-05-10,Smartwatch,45,2327.58,3703
2025-05-11,Smartwatch,30,2951.96,3673
2025-05-12,Smartwatch,24,3136.93,3649
2025-05-13,Smartwatch,27,2987.27,3622
2025-05-14,Smartwatch,27,2972.18,3595
2025-05-15,Smartwatch,31,3012.31,3564
2025-05-16,Smartwatch,24,3096.61,3540
2025-05-17,Smartwatch,27,2969.89,4138
2025-05-18,Smartwatch,31,3138.81,4107
2025-05-19,Smartwatch,30,2406.25,4077
2025-05-20,Smartwatch,26,2533.76,4051
2025-05-21,Smartwatch,34,2633.54,4017
2025-05-22,Smartwatch,32,2515.89,3985
2025-05-23,Smartwatch,29,3006.12,3956
2025-05-24,Smartwatch,34,2961.15,3922
2025-05-25,Smartwatch,27,2876.36,3895
2025-05-26,Smartwatch,23,3023.11,3872
2025-05-27,Smartwatch,28,2999.79,3844
2025-05-28,Smartwatch,27,2948.56,3817
2025-05-29,Smartwatch,21,3033.3,3796
2025-05-30,Smartwatch,27,3064.47,3769
2025-05-31,Smartwatch,26,2993.25,4368
2025-06-01,Smartwatch,28,3074.56,4340
2025-06-02,Smartwatch,27,2969.48,4313
2025-06-03,Smartwatch,27,3028.11,4286
2025-06-04,Smartwatch,28,3084.39,4258
2025-06-05,Smartwatch,26,2944.81,4232
2025-06-06,Smartwatch,25,2930.72,4207
2025-06-07,Smartwatch,29,2958.7,4178
2025-06-08,Smartwatch,38,3010.95,4140
2025-06-09,Smartwatch,34,2515.04,4106
2025-06-10,Smartwatch,35,2270.64,4071
2025-06-11,Smartwatch,28,2452.85,4043
2025-06-12,Smartwatch,33,2348.58,4010
2025-06-13,Smartwatch,30,2429.42,3980
2025-06-14,Smartwatch,27,3061.86,4578
2025-06-15,Smartwatch,27,3012.76,4551
2025-06-16,Smartwatch,20,3043.34,4531
2025-06-17,Smartwatch,29,3008.24,4502
2025-06-18,Smartwatch,29,2959.11,4473
2025-06-19,Smartwatch,20,3108.54,4453
2025-06-20,Smartwatch,33,2959.62,4420
2025-06-21,Smartwatch,28,2938.06,4392
2025-06-22,Smartwatch,28,3062.14,4364
2025-06-23,Smartwatch,25,3044.49,4339
2025-06-24,Smartwatch,27,2950.24,4312
2025-06-25,Smartwatch,27,3095.93,4285
2025-06-26,Smartwatch,22,3043.91,4263
2025-06-27,Smartwatch,37,2347.52,4226
2025-06-28,Smartwatch,35,2693.31,4816
2025-06-29,Smartwatch,28,3032.39,4788
2025-06-30,Smartwatch,27,2955.45,4761
2025-07-01,Smartwatch,26,2958.83,4735
2025-07-02,Smartwatch,35,2628.24,4700
2025-07-03,Smartwatch,42,2393.37,4658
2025-07-04,Smartwatch,33,2353.71,4625
2025-07-05,Smartwatch,35,2561.17,4590
2025-07-06,Smartwatch,31,3021.33,4559
2025-07-07,Smartwatch,25,3105.57,4534
2025-07-08,Smartwatch,27,2944.48,4507
2025-07-09,Smartwatch,22,2962.52,4485
2025-07-10,Smartwatch,20,2983.2,4465
2025-07-11,Smartwatch,27,2995.91,4438
2025-07-12,Smartwatch,26,3039.58,5037
2025-07-13,Smartwatch,27,2946.45,5010
2025-07-14,Smartwatch,30,2927.72,4980
2025-07-15,Smartwatch,24,3057.58,4956
2025-07-16,Smartwatch,29,2893.36,4927
2025-07-17,Smartwatch,26,3036.61,4901
2025-07-18,Smartwatch,23,2909.15,4878
2025-07-19,Smartwatch,23,3040.39,4855
2025-07-20,Smartwatch,28,2955.62,4827
2025-07-21,Smartwatch,23,2913.71,4804
2025-07-22,Smartwatch,25,2928.19,4779
2025-07-23,Smartwatch,25,2920.92,4754
2025-07-24,Smartwatch,23,2973.91,4731
2025-07-25,Smartwatch,29,2980.63,4702
2025-07-26,Smartwatch,30,2978.44,5297
2025-07-27,Smartwatch,25,3060.23,5272
2025-07-28,Smartwatch,27,2995.31,5245
2025-07-29,Smartwatch,25,3060.0,5220
2025-07-30,Smartwatch,32,3071.47,5188
2025-07-31,Smartwatch,24,3084.59,5164
2025-08-01,Smartwatch,27,2888.39,5137
2025-08-02,Smartwatch,29,2944.14,5108
2025-08-03,Smartwatch,31,2921.15,5077
2025-08-04,Smartwatch,31,2747.44,5046
2025-08-05,Smartwatch,37,2429.67,5009
2025-08-06,Smartwatch,27,3043.46,4982
2025-08-07,Smartwatch,20,3065.8,4962
2025-08-08,Smartwatch,26,3014.49,4936
2025-08-09,Smartwatch,24,2948.39,5537
2025-08-10,Smartwatch,32,3010.15,5505
2025-08-11,Smartwatch,29,2914.72,5476
2025-08-12,Smartwatch,22,3019.51,5454
2025-08-13,Smartwatch,24,2946.42,5430
2025-08-14,Smartwatch,26,2933.49,5404
2025-08-15,Smartwatch,26,2969.58,5378
2025-08-16,Smartwatch,27,2996.67,5351
2025-08-17,Smartwatch,26,3063.87,5325
2025-08-18,Smartwatch,17,2976.38,5308
2025-08-19,Smartwatch,28,2523.8,5280
2025-08-20,Smartwatch,35,2463.05,5245
2025-08-21,Smartwatch,29,2965.58,5216
2025-08-22,Smartwatch,18,3059.53,5198
2025-08-23,Smartwatch,24,2974.64,5799
2025-08-24,Smartwatch,26,3015.64,5773
2025-08-25,Smartwatch,27,2964.03,5746
2025-08-26,Smartwatch,22,2995.35,5724
2025-08-27,Smartwatch,38,2363.42,5686
2025-08-28,Smartwatch,35,2425.26,5651
2025-08-29,Smartwatch,31,2424.51,5620
2025-08-30,Smartwatch,36,2476.17,5584
2025-08-31,Smartwatch,31,3007.29,5553
2025-09-01,Smartwatch,22,2989.3,5531
2025-09-02,Smartwatch,17,3045.42,5514
2025-09-03,Smartwatch,27,3008.93,5487
2025-09-04,Smartwatch,26,3016.03,5461
2025-09-05,Smartwatch,23,2958.58,5438
2025-09-06,Smartwatch,20,2996.92,6043
2025-09-07,Smartwatch,26,3002.37,6017
2025-09-08,Smartwatch,23,2620.02,5994
2025-09-09,Smartwatch,35,2654.71,5959
2025-09-10,Smartwatch,29,2584.94,5930
2025-09-11,Smartwatch,31,2643.23,5899
2025-09-12,Smartwatch,38,2261.66,5861
2025-09-13,Smartwatch,24,3048.52,5837
2025-09-14,Smartwatch,27,2836.83,5810
2025-09-15,Smartwatch,25,2937.85,5785
2025-09-16,Smartwatch,31,2625.86,5754
2025-09-17,Smartwatch,36,2244.64,5718
2025-09-18,Smartwatch,33,2373.07,5685
2025-09-19,Smartwatch,33,2314.49,5652
2025-09-20,Smartwatch,25,2998.5,6252
2025-09-21,Smartwatch,24,2982.25,6228
2025-09-22,Smartwatch,25,3012.55,6203
2025-09-23,Smartwatch,24,2958.88,6179
2025-09-24,Smartwatch,22,2997.6,6157
2025-09-25,Smartwatch,20,2968.36,6137
2025-09-26,Smartwatch,20,2951.28,6117
2025-09-27,Smartwatch,23,3035.05,6094
2025-09-28,Smartwatch,27,2887.54,6067
2025-09-29,Smartwatch,21,3048.48,6046
2025-09-30,Smartwatch,20,2908.09,6026
2025-10-01,Smartwatch,29,3099.23,5997
2025-10-02,Smartwatch,30,2906.29,5967
2025-10-03,Smartwatch,31,2877.69,5936
2025-10-04,Smartwatch,34,2932.67,6527
2025-10-05,Smartwatch,32,3055.65,6495
2025-10-06,Smartwatch,28,2999.48,6467
2025-10-07,Smartwatch,40,2940.31,6427
2025-10-08,Smartwatch,30,3021.84,6397
2025-10-09,Smartwatch,22,3046.53,6375
2025-10-10,Smartwatch,29,2978.55,6346
2025-10-11,Smartwatch,30,3030.56,6316
2025-10-12,Smartwatch,40,2981.96,6276
2025-10-13,Smartwatch,29,3001.79,6247
2025-10-14,Smartwatch,26,3065.34,6221
2025-10-15,Smartwatch,26,3057.7,6195
2025-10-16,Smartwatch,44,2542.13,6151
2025-10-17,Smartwatch,32,2633.85,6119
2025-10-18,Smartwatch,40,2574.65,6704
2025-10-19,Smartwatch,42,2336.11,6662
2025-10-20,Smartwatch,25,2920.12,6637
2025-10-21,Smartwatch,32,3122.79,6605
2025-10-22,Smartwatch,31,3084.24,6574
2025-10-23,Smartwatch,33,2980.81,6541
2025-10-24,Smartwatch,32,2920.48,6509
2025-10-25,Smartwatch,37,2985.64,6472
2025-10-26,Smartwatch,37,2969.07,6435
2025-10-27,Smartwatch,31,3077.58,6404
2025-10-28,Smartwatch,29,3042.96,6375
2025-10-29,Smartwatch,24,2984.77,6351
2025-10-30,Smartwatch,30,2982.08,6321
2025-10-31,Smartwatch,32,2996.49,6289
2025-11-01,Smartwatch,52,2548.35,6862
2025-11-02,Smartwatch,54,2368.64,6808
2025-11-03,Smartwatch,30,3097.85,6778
2025-11-04,Smartwatch,28,3031.74,6750
2025-11-05,Smartwatch,31,2915.4,6719
2025-11-06,Smartwatch,31,3020.4,6688
2025-11-07,Smartwatch,33,2995.4,6655
2025-11-08,Smartwatch,38,2955.37,6617
2025-11-09,Smartwatch,36,2903.9,6581
2025-11-10,Smartwatch,27,3022.08,6554
2025-11-11,Smartwatch,38,2992.27,6516
2025-11-12,Smartwatch,33,3077.39,6483
2025-11-13,Smartwatch,37,2918.88,6446
2025-11-14,Smartwatch,29,3050.77,6417
2025-11-15,Smartwatch,36,3020.11,7006
2025-11-16,Smartwatch,35,2983.02,6971
2025-11-17,Smartwatch,29,3061.92,6942
2025-11-18,Smartwatch,29,2954.45,6913
2025-11-19,Smartwatch,38,2896.79,6875
2025-11-20,Smartwatch,34,2986.31,6841
2025-11-21,Smartwatch,36,2949.44,6805
2025-11-22,Smartwatch,38,2923.66,6767
2025-11-23,Smartwatch,39,3099.56,6728
2025-11-24,Smartwatch,35,3028.43,6693
2025-11-25,Smartwatch,33,3046.08,6660
2025-11-26,Smartwatch,31,2996.3,6629
2025-11-27,Smartwatch,33,3019.37,6596
2025-11-28,Smartwatch,37,2918.77,6559
2025-11-29,Smartwatch,37,3003.71,7147
2025-11-30,Smartwatch,32,3120.9,7115
2025-12-01,Smartwatch,34,2951.04,7081
2025-12-02,Smartwatch,41,3079.81,7040
2025-12-03,Smartwatch,45,2976.41,6995
2025-12-04,Smartwatch,29,2964.74,6966
2025-12-05,Smartwatch,44,3057.08,6922
2025-12-06,Smartwatch,39,3086.46,6883
2025-12-07,Smartwatch,54,2570.02,6829
2025-12-08,Smartwatch,44,2506.6,6785
2025-12-09,Smartwatch,36,2656.8,6749
2025-12-10,Smartwatch,46,2432.48,6703
2025-12-11,Smartwatch,46,2567.83,6657
2025-12-12,Smartwatch,33,2961.36,6624
2025-12-13,Smartwatch,49,2995.17,7200
2025-12-14,Smartwatch,47,2943.45,7153
2025-12-15,Smartwatch,39,3042.6,7114
2025-12-16,Smartwatch,35,2991.37,7079
2025-12-17,Smartwatch,41,2983.19,7038
2025-12-18,Smartwatch,32,2918.26,7006
2025-12-19,Smartwatch,34,2993.58,6972
2025-12-20,Smartwatch,49,2910.39,6923
2025-12-21,Smartwatch,40,3081.02,6883
2025-12-22,Smartwatch,39,3014.4,6844
2025-12-23,Smartwatch,37,3036.38,6807
2025-12-24,Smartwatch,31,3113.89,6776
2025-12-25,Smartwatch,38,2999.89,6738
2025-12-26,Smartwatch,35,3017.88,6703
2025-12-27,Smartwatch,37,2999.57,7291
2025-12-28,Smartwatch,43,3007.21,7248
2025-12-29,Smartwatch,28,3033.02,7220
2025-12-30,Smartwatch,30,3117.37,7190
2025-12-31,Smartwatch,48,2551.57,7142
2026-01-01,Smartwatch,34,2282.53,7108
2026-01-02,Smartwatch,38,2343.69,7070
2026-01-03,Smartwatch,32,3156.54,7038
2026-01-04,Smartwatch,39,2262.54,6999
2026-01-05,Smartwatch,34,2337.88,6965
2026-01-06,Smartwatch,33,2274.14,6932
2026-01-07,Smartwatch,29,2539.53,6903
2026-01-08,Smartwatch,32,2513.11,6871
2026-01-09,Smartwatch,28,2988.29,6843
2026-01-10,Smartwatch,31,2982.31,7437
2026-01-11,Smartwatch,29,2990.18,7408
2026-01-12,Smartwatch,29,2947.38,7379
2026-01-13,Smartwatch,37,2429.45,7342
2026-01-14,Smartwatch,33,2489.4,7309
2026-01-15,Smartwatch,25,3082.19,7284
2026-01-16,Smartwatch,26,3015.92,7258
2026-01-17,Smartwatch,39,3041.07,7219
2026-01-18,Smartwatch,27,3003.26,7192
2026-01-19,Smartwatch,31,2529.74,7161
2026-01-20,Smartwatch,34,2205.88,7127
2026-01-21,Smartwatch,35,3036.9,7092
2026-01-22,Smartwatch,30,2899.03,7062
2026-01-23,Smartwatch,23,3076.93,7039
2026-01-24,Smartwatch,32,2988.33,7632
2026-01-25,Smartwatch,29,2969.21,7603
2026-01-26,Smartwatch,19,3022.81,7584
2026-01-27,Smartwatch,26,3044.55,7558
2026-01-28,Smartwatch,30,2995.1,7528
2026-01-29,Smartwatch,29,3025.76,7499
2026-01-30,Smartwatch,21,2972.64,7478
2026-01-31,Smartwatch,40,2321.63,7438
2026-02-01,Smartwatch,29,2607.08,7409
2026-02-02,Smartwatch,29,2551.37,7380
2026-02-03,Smartwatch,25,2716.68,7355
2026-02-04,Smartwatch,37,2680.46,7318
2026-02-05,Smartwatch,24,2969.44,7294
2026-02-06,Smartwatch,29,2976.52,7265
2026-02-07,Smartwatch,24,2988.73,7866
2026-02-08,Smartwatch,29,3049.34,7837
2026-02-09,Smartwatch,26,2954.09,7811
2026-02-10,Smartwatch,15,3057.96,7796
2026-02-11,Smartwatch,25,3008.54,7771
2026-02-12,Smartwatch,24,3015.05,7747
2026-02-13,Smartwatch,30,2984.27,7717
2026-02-14,Smartwatch,30,2995.23,7687
2026-02-15,Smartwatch,34,2980.99,7653
2026-02-16,Smartwatch,25,2995.18,7628
2026-02-17,Smartwatch,29,2983.66,7599
2026-02-18,Smartwatch,22,3013.11,7577
2026-02-19,Smartwatch,24,3127.56,7553
2026-02-20,Smartwatch,26,3084.84,7527
2026-02-21,Smartwatch,29,2990.72,8123
2026-02-22,Smartwatch,31,2916.06,8092
2026-02-23,Smartwatch,22,2676.05,8070
2026-02-24,Smartwatch,38,2470.56,8032
2026-02-25,Smartwatch,30,2573.16,8002
2026-02-26,Smartwatch,34,2548.19,7968
2026-02-27,Smartwatch,23,2886.71,7945
2026-02-28,Smartwatch,32,2974.52,7913
2026-03-01,Smartwatch,25,3041.83,7888
2026-03-02,Smartwatch,47,2223.46,7841
2026-03-03,Smartwatch,33,2573.27,7808
2026-03-04,Smartwatch,25,2937.44,7783
2026-03-05,Smartwatch,29,2922.3,7754
2026-03-06,Smartwatch,21,3018.17,7733
2026-03-07,Smartwatch,36,2969.69,8322
2026-03-08,Smartwatch,35,2740.56,8287
2026-03-09,Smartwatch,37,2358.67,8250
2026-03-10,Smartwatch,31,2402.24,8219
2026-03-11,Smartwatch,36,2541.99,8183
2026-03-12,Smartwatch,22,2903.12,8161
2026-03-13,Smartwatch,28,2960.82,8133
2026-03-14,Smartwatch,24,3038.74,8109
2026-03-15,Smartwatch,32,2670.88,8077
2026-03-16,Smartwatch,40,2485.62,8037
2026-03-17,Smartwatch,28,2575.94,8009
2026-03-18,Smartwatch,33,2512.83,7976
2026-03-19,Smartwatch,28,2959.94,7948
2026-03-20,Smartwatch,25,3018.38,7923
2026-03-21,Smartwatch,30,3038.94,8518
2026-03-22,Smartwatch,24,3046.39,8494
2026-03-23,Smartwatch,23,2953.68,8471
2026-03-24,Smartwatch,30,3020.07,8441
2026-03-25,Smartwatch,31,3011.51,8410
2026-03-26,Smartwatch,32,3003.08,8378
2026-03-27,Smartwatch,23,2980.75,8355
2026-03-28,Smartwatch,29,3073.2,8326
2026-03-29,Smartwatch,32,2880.84,8294
2026-03-30,Smartwatch,36,2955.39,8258
2026-03-31,Smartwatch,27,2974.54,8231
2026-04-01,Smartwatch,31,2953.42,8200
2026-04-02,Smartwatch,32,2949.28,8168
2026-04-03,Smartwatch,24,3030.01,8144
2026-04-04,Smartwatch,27,2950.77,8742
2026-04-05,Smartwatch,27,2961.93,8715
2026-04-06,Smartwatch,27,3012.16,8688
2026-04-07,Smartwatch,28,2958.91,8660
2026-04-08,Smartwatch,29,2983.77,8631
2026-04-09,Smartwatch,25,3018.64,8606
2026-04-10,Smartwatch,24,2916.96,8582
2026-04-11,Smartwatch,33,2931.58,8549
2026-04-12,Smartwatch,32,2944.53,8517
2026-04-13,Smartwatch,24,2980.71,8493
2026-04-14,Smartwatch,31,2617.66,8462
2026-04-15,Smartwatch,34,2581.25,8428
2026-04-16,Smartwatch,27,3052.7,8401
2026-04-17,Smartwatch,24,3084.76,8377
2026-04-18,Smartwatch,27,3027.17,8975
2026-04-19,Smartwatch,31,3020.69,8944
2026-04-20,Smartwatch,26,3102.34,8918
2026-04-21,Smartwatch,29,3089.49,8889
2026-04-22,Smartwatch,27,2999.31,8862
2026-04-23,Smartwatch,21,2917.63,8841
2026-04-24,Smartwatch,25,2941.13,8816
2026-04-25,Smartwatch,31,2988.87,8785
2026-04-26,Smartwatch,33,2971.31,8752
2026-04-27,Smartwatch,27,2955.54,8725
2026-04-28,Smartwatch,24,2997.94,8701
2026-04-29,Smartwatch,25,3004.53,8676
2026-04-30,Smartwatch,24,2912.42,8652
2026-05-01,Smartwatch,24,2989.09,8628
2026-05-02,Smartwatch,38,2630.26,9215
2026-05-03,Smartwatch,41,2476.26,9174
2026-05-04,Smartwatch,28,3050.93,9146
2026-05-05,Smartwatch,27,2993.1,9119
2026-05-06,Smartwatch,33,2571.83,9086
2026-05-07,Smartwatch,38,2331.43,9048
2026-05-08,Smartwatch,32,2582.28,9016
2026-05-09,Smartwatch,29,2989.56,8987
2026-05-10,Smartwatch,28,2926.08,8959
2026-05-11,Smartwatch,25,2970.15,8934
2026-05-12,Smartwatch,28,3065.44,8906
2026-05-13,Smartwatch,30,2976.77,8876
2026-05-14,Smartwatch,20,2949.92,8856
2026-05-15,Smartwatch,34,3044.26,8822
2026-05-16,Smartwatch,26,2953.09,9421
2026-05-17,Smartwatch,33,2893.16,9388
2026-05-18,Smartwatch,25,3025.17,9363
2026-05-19,Smartwatch,23,3009.25,9340
2026-05-20,Smartwatch,29,2977.91,9311
2026-05-21,Smartwatch,30,3075.56,9281
2026-05-22,Smartwatch,27,3032.52,9254
2026-05-23,Smartwatch,26,3031.82,9228
2026-05-24,Smartwatch,32,3066.59,9196
2026-05-25,Smartwatch,24,2955.0,9172
2026-05-26,Smartwatch,31,2636.02,9141
2026-05-27,Smartwatch,30,2683.49,9111
2026-05-28,Smartwatch,30,2940.38,9081
2026-05-29,Smartwatch,25,3019.98,9056
2026-05-30,Smartwatch,35,2962.47,9646
2026-05-31,Smartwatch,32,2938.47,9614
2026-06-01,Smartwatch,24,3206.17,9590
2026-06-02,Smartwatch,18,3084.17,9572
2026-06-03,Smartwatch,24,3118.63,9548
2026-06-04,Smartwatch,31,2975.25,9517
2026-06-05,Smartwatch,24,2948.69,9493
2026-06-06,Smartwatch,34,3020.66,9459
2026-06-07,Smartwatch,33,2512.55,9426
2026-06-08,Smartwatch,37,2291.8,9389
2026-06-09,Smartwatch,33,2345.78,9356
2026-06-10,Smartwatch,37,2504.13,9319
2026-06-11,Smartwatch,33,2387.23,9286
2026-06-12,Smartwatch,24,2934.77,9262
2026-06-13,Smartwatch,44,2461.15,9843
2026-06-14,Smartwatch,46,2543.26,9797
2026-06-15,Smartwatch,39,2294.43,9758
2026-06-16,Smartwatch,40,2582.63,9718
2026-06-17,Smartwatch,28,3059.17,9690
2026-06-18,Smartwatch,32,2384.9,9658
2026-06-19,Smartwatch,25,2513.15,9633
2026-06-20,Smartwatch,33,2404.79,9600
2026-06-21,Smartwatch,36,3031.43,9564
2026-06-22,Smartwatch,25,2983.57,9539
2026-06-23,Smartwatch,23,3066.31,9516
2026-06-24,Smartwatch,27,3017.03,9489
2026-06-25,Smartwatch,30,2991.8,9459
2026-06-26,Smartwatch,31,3027.64,9428
2026-06-27,Smartwatch,30,3096.35,10023
2026-06-28,Smartwatch,27,2927.47,9996
2026-06-29,Smartwatch,32,3022.83,9964
2026-06-30,Smartwatch,29,3053.28,9935
2026-07-01,Smartwatch,31,2941.36,9904
2026-07-02,Smartwatch,25,3034.96,9879
2026-07-03,Smartwatch,26,2675.63,9853
2026-07-04,Smartwatch,46,2224.26,9807
2026-07-05,Smartwatch,40,2464.04,9767
2026-07-06,Smartwatch,29,2634.88,9738
2026-07-07,Smartwatch,31,2277.7,9707
2026-07-08,Smartwatch,29,2951.58,9678
2026-07-09,Smartwatch,30,3066.03,9648
2026-07-10,Smartwatch,29,3016.5,9619
2026-07-11,Smartwatch,33,2944.95,10211
2026-07-12,Smartwatch,26,2970.35,10185
2026-07-13,Smartwatch,23,3068.45,10162
2026-07-14,Smartwatch,27,2934.06,10135
2026-07-15,Smartwatch,23,3022.62,10112
2026-07-16,Smartwatch,28,2542.86,10084
2026-07-17,Smartwatch,38,2385.68,10046
2026-07-18,Smartwatch,41,2605.32,10005
2026-07-19,Smartwatch,35,2571.41,9970
2026-07-20,Smartwatch,23,3023.82,9947
2026-07-21,Smartwatch,30,2947.08,9917
2026-07-22,Smartwatch,23,3026.06,9894
2026-07-23,Smartwatch,23,3099.62,9871
2026-07-24,Smartwatch,21,3064.75,9850
2026-07-25,Smartwatch,28,2999.61,10447
2026-07-26,Smartwatch,28,3124.46,10419
2026-07-27,Smartwatch,24,3018.57,10395
2026-07-28,Smartwatch,25,3021.22,10370
2026-07-29,Smartwatch,26,2650.09,10344
2026-07-30,Smartwatch,31,2579.81,10313
2026-07-31,Smartwatch,27,2558.09,10286
2026-08-01,Smartwatch,38,2537.83,10248
2026-08-02,Smartwatch,21,3033.09,10227
2026-08-03,Smartwatch,31,2927.51,10196
2026-08-04,Smartwatch,21,3033.63,10175
2026-08-05,Smartwatch,36,2282.47,10139
2026-08-06,Smartwatch,34,2391.4,10105
2026-08-07,Smartwatch,35,2425.81,10070
2026-08-08,Smartwatch,45,2220.68,10650
2026-08-09,Smartwatch,27,3030.14,10623
2026-08-10,Smartwatch,19,3004.33,10604
2026-08-11,Smartwatch,29,2554.93,10575
2026-08-12,Smartwatch,29,2722.86,10546
2026-08-13,Smartwatch,26,2385.09,10520
2026-08-14,Smartwatch,34,2336.11,10486
2026-08-15,Smartwatch,31,2990.77,10455
2026-08-16,Smartwatch,24,2963.62,10431
2026-08-17,Smartwatch,15,3051.52,10416
2026-08-18,Smartwatch,22,2991.06,10394
2026-08-19,Smartwatch,24,3115.65,10370
2026-08-20,Smartwatch,27,2957.49,10343
2026-08-21,Smartwatch,27,2982.01,10316
2026-08-22,Smartwatch,27,3094.79,10914
2026-08-23,Smartwatch,25,2934.5,10889
2024-08-24,Bluetooth Speaker,39,1004.0,1011
2024-08-25,Bluetooth Speaker,33,978.74,978
2024-08-26,Bluetooth Speaker,30,989.7,948
2024-08-27,Bluetooth Speaker,40,997.36,908
2024-08-28,Bluetooth Speaker,33,1003.89,875
2024-08-29,Bluetooth Speaker,31,1027.54,844
2024-08-30,Bluetooth Speaker,33,983.97,811
2024-08-31,Bluetooth Speaker,39,1023.7,772
2024-09-01,Bluetooth Speaker,43,1026.14,729
2024-09-02,Bluetooth Speaker,31,970.59,698
2024-09-03,Bluetooth Speaker,34,1013.54,664
2024-09-04,Bluetooth Speaker,26,995.23,638
2024-09-05,Bluetooth Speaker,38,965.93,600
2024-09-06,Bluetooth Speaker,43,1002.61,557
2024-09-07,Bluetooth Speaker,54,744.45,1378
2024-09-08,Bluetooth Speaker,39,841.4,1339
2024-09-09,Bluetooth Speaker,49,789.77,1290
2024-09-10,Bluetooth Speaker,50,779.54,1240
2024-09-11,Bluetooth Speaker,36,885.71,1204
2024-09-12,Bluetooth Speaker,27,994.07,1177
2024-09-13,Bluetooth Speaker,38,905.35,1139
2024-09-14,Bluetooth Speaker,50,864.99,1089
2024-09-15,Bluetooth Speaker,43,892.58,1046
2024-09-16,Bluetooth Speaker,35,1018.7,1011
2024-09-17,Bluetooth Speaker,46,992.71,965
2024-09-18,Bluetooth Speaker,29,1004.95,936
2024-09-19,Bluetooth Speaker,42,903.56,894
2024-09-20,Bluetooth Speaker,54,775.73,840
2024-09-21,Bluetooth Speaker,55,789.96,1660
2024-09-22,Bluetooth Speaker,54,809.55,1606
2024-09-23,Bluetooth Speaker,43,986.19,1563
2024-09-24,Bluetooth Speaker,31,1007.54,1532
2024-09-25,Bluetooth Speaker,30,980.95,1502
2024-09-26,Bluetooth Speaker,26,1005.46,1476
2024-09-27,Bluetooth Speaker,37,956.0,1439
2024-09-28,Bluetooth Speaker,46,969.27,1393
2024-09-29,Bluetooth Speaker,34,1014.92,1359
2024-09-30,Bluetooth Speaker,27,1013.98,1332
2024-10-01,Bluetooth Speaker,38,1011.1,1294
2024-10-02,Bluetooth Speaker,34,1024.42,1260
2024-10-03,Bluetooth Speaker,43,1018.07,1217
2024-10-04,Bluetooth Speaker,31,993.23,1186
2024-10-05,Bluetooth Speaker,39,1014.69,2022
2024-10-06,Bluetooth Speaker,46,996.25,1976
2024-10-07,Bluetooth Speaker,40,975.28,1936
2024-10-08,Bluetooth Speaker,48,984.93,1888
2024-10-09,Bluetooth Speaker,49,1004.8,1839
2024-10-10,Bluetooth Speaker,42,998.85,1797
2024-10-11,Bluetooth Speaker,69,744.63,1728
2024-10-12,Bluetooth Speaker,56,834.13,1672
2024-10-13,Bluetooth Speaker,41,890.12,1631
2024-10-14,Bluetooth Speaker,39,1023.83,1592
2024-10-15,Bluetooth Speaker,35,1018.88,1557
2024-10-16,Bluetooth Speaker,49,1006.16,1508
2024-10-17,Bluetooth Speaker,42,1006.19,1466
2024-10-18,Bluetooth Speaker,45,973.89,1421
2024-10-19,Bluetooth Speaker,44,1005.36,2252
2024-10-20,Bluetooth Speaker,30,1001.36,2222
2024-10-21,Bluetooth Speaker,42,1011.83,2180
2024-10-22,Bluetooth Speaker,40,1031.81,2140
2024-10-23,Bluetooth Speaker,41,1019.87,2099
2024-10-24,Bluetooth Speaker,41,950.28,2058
2024-10-25,Bluetooth Speaker,45,991.95,2013
2024-10-26,Bluetooth Speaker,43,1024.74,1970
2024-10-27,Bluetooth Speaker,53,1009.11,1917
2024-10-28,Bluetooth Speaker,45,989.84,1872
2024-10-29,Bluetooth Speaker,38,1003.8,1834
2024-10-30,Bluetooth Speaker,44,1006.26,1790
2024-10-31,Bluetooth Speaker,42,991.81,1748
2024-11-01,Bluetooth Speaker,47,1036.77,1701
2024-11-02,Bluetooth Speaker,55,997.92,2521
2024-11-03,Bluetooth Speaker,46,1002.79,2475
2024-11-04,Bluetooth Speaker,71,760.82,2404
2024-11-05,Bluetooth Speaker,53,871.01,2351
2024-11-06,Bluetooth Speaker,45,838.32,2306
2024-11-07,Bluetooth Speaker,61,978.97,2245
2024-11-08,Bluetooth Speaker,47,976.9,2198
2024-11-09,Bluetooth Speaker,61,1015.91,2137
2024-11-10,Bluetooth Speaker,57,988.22,2080
2024-11-11,Bluetooth Speaker,69,741.83,2011
2024-11-12,Bluetooth Speaker,59,800.4,1952
2024-11-13,Bluetooth Speaker,76,712.8,1876
2024-11-14,Bluetooth Speaker,70,741.74,1806
2024-11-15,Bluetooth Speaker,44,1016.6,1762
2024-11-16,Bluetooth Speaker,54,982.31,2583
2024-11-17,Bluetooth Speaker,51,1002.4,2532
2024-11-18,Bluetooth Speaker,47,1018.82,2485
2024-11-19,Bluetooth Speaker,45,1001.91,2440
2024-11-20,Bluetooth Speaker,42,1000.41,2398
2024-11-21,Bluetooth Speaker,46,966.58,2352
2024-11-22,Bluetooth Speaker,60,985.12,2292
2024-11-23,Bluetooth Speaker,55,1025.06,2237
2024-11-24,Bluetooth Speaker,41,983.28,2196
2024-11-25,Bluetooth Speaker,46,1010.15,2150
2024-11-26,Bluetooth Speaker,46,1025.39,2104
2024-11-27,Bluetooth Speaker,42,980.23,2062
2024-11-28,Bluetooth Speaker,43,1001.02,2019
2024-11-29,Bluetooth Speaker,43,986.03,1976
2024-11-30,Bluetooth Speaker,55,969.02,2796
2024-12-01,Bluetooth Speaker,57,1021.12,2739
2024-12-02,Bluetooth Speaker,50,984.15,2689
2024-12-03,Bluetooth Speaker,48,1013.31,2641
2024-12-04,Bluetooth Speaker,54,999.16,2587
2024-12-05,Bluetooth Speaker,54,962.78,2533
2024-12-06,Bluetooth Speaker,51,1010.5,2482
2024-12-07,Bluetooth Speaker,62,982.88,2420
2024-12-08,Bluetooth Speaker,64,987.79,2356
2024-12-09,Bluetooth Speaker,59,987.34,2297
2024-12-10,Bluetooth Speaker,52,991.85,2245
2024-12-11,Bluetooth Speaker,67,827.63,2178
2024-12-12,Bluetooth Speaker,70,851.78,2108
2024-12-13,Bluetooth Speaker,67,848.43,2041
2024-12-14,Bluetooth Speaker,57,992.47,2859
2024-12-15,Bluetooth Speaker,42,1043.79,2817
2024-12-16,Bluetooth Speaker,46,998.93,2771
2024-12-17,Bluetooth Speaker,49,1015.25,2722
2024-12-18,Bluetooth Speaker,76,764.69,2646
2024-12-19,Bluetooth Speaker,65,803.91,2581
2024-12-20,Bluetooth Speaker,70,845.31,2511
2024-12-21,Bluetooth Speaker,69,838.33,2442
2024-12-22,Bluetooth Speaker,52,1034.66,2390
2024-12-23,Bluetooth Speaker,44,1016.07,2346
2024-12-24,Bluetooth Speaker,65,1002.58,2281
2024-12-25,Bluetooth Speaker,54,1031.1,2227
2024-12-26,Bluetooth Speaker,58,979.24,2169
2024-12-27,Bluetooth Speaker,49,1030.99,2120
2024-12-28,Bluetooth Speaker,53,1035.74,2942
2024-12-29,Bluetooth Speaker,63,994.26,2879
2024-12-30,Bluetooth Speaker,53,972.91,2826
2024-12-31,Bluetooth Speaker,58,992.04,2768
2025-01-01,Bluetooth Speaker,35,1005.26,2733
2025-01-02,Bluetooth Speaker,37,972.65,2696
2025-01-03,Bluetooth Speaker,25,1010.57,2671
2025-01-04,Bluetooth Speaker,39,1013.65,2632
2025-01-05,Bluetooth Speaker,43,981.4,2589
2025-01-06,Bluetooth Speaker,32,1008.01,2557
2025-01-07,Bluetooth Speaker,38,999.5,2519
2025-01-08,Bluetooth Speaker,32,1018.46,2487
2025-01-09,Bluetooth Speaker,30,1038.5,2457
2025-01-10,Bluetooth Speaker,36,997.69,2421
2025-01-11,Bluetooth Speaker,40,998.65,3256
2025-01-12,Bluetooth Speaker,54,951.9,3202
2025-01-13,Bluetooth Speaker,28,1010.6,3174
2025-01-14,Bluetooth Speaker,54,741.57,3120
2025-01-15,Bluetooth Speaker,46,822.19,3074
2025-01-16,Bluetooth Speaker,42,791.63,3032
2025-01-17,Bluetooth Speaker,27,972.71,3005
2025-01-18,Bluetooth Speaker,33,982.78,2972
2025-01-19,Bluetooth Speaker,38,958.75,2934
2025-01-20,Bluetooth Speaker,36,1007.06,2898
2025-01-21,Bluetooth Speaker,31,968.31,2867
2025-01-22,Bluetooth Speaker,37,910.57,2830
2025-01-23,Bluetooth Speaker,42,888.93,2788
2025-01-24,Bluetooth Speaker,24,1039.7,2764
2025-01-25,Bluetooth Speaker,32,1023.21,3607
2025-01-26,Bluetooth Speaker,41,988.43,3566
2025-01-27,Bluetooth Speaker,39,1010.89,3527
2025-01-28,Bluetooth Speaker,37,981.61,3490
2025-01-29,Bluetooth Speaker,48,992.35,3442
2025-01-30,Bluetooth Speaker,47,774.79,3395
2025-01-31,Bluetooth Speaker,45,844.84,3350
2025-02-01,Bluetooth Speaker,55,862.03,3295
2025-02-02,Bluetooth Speaker,40,977.04,3255
2025-02-03,Bluetooth Speaker,35,986.45,3220
2025-02-04,Bluetooth Speaker,38,992.03,3182
2025-02-05,Bluetooth Speaker,42,995.57,3140
2025-02-06,Bluetooth Speaker,32,969.68,3108
2025-02-07,Bluetooth Speaker,37,981.92,3071
2025-02-08,Bluetooth Speaker,42,1024.08,3904
2025-02-09,Bluetooth Speaker,45,957.4,3859
2025-02-10,Bluetooth Speaker,47,1002.65,3812
2025-02-11,Bluetooth Speaker,30,1014.69,3782
2025-02-12,Bluetooth Speaker,46,878.31,3736
2025-02-13,Bluetooth Speaker,47,850.48,3689
2025-02-14,Bluetooth Speaker,38,964.45,3651
2025-02-15,Bluetooth Speaker,39,1018.44,3612
2025-02-16,Bluetooth Speaker,35,1002.74,3577
2025-02-17,Bluetooth Speaker,41,1021.43,3536
2025-02-18,Bluetooth Speaker,40,1028.88,3496
2025-02-19,Bluetooth Speaker,47,980.79,3449
2025-02-20,Bluetooth Speaker,33,991.29,3416
2025-02-21,Bluetooth Speaker,42,965.61,3374
2025-02-22,Bluetooth Speaker,39,1006.4,4210
2025-02-23,Bluetooth Speaker,42,983.88,4168
2025-02-24,Bluetooth Speaker,37,1026.67,4131
2025-02-25,Bluetooth Speaker,41,1015.87,4090
2025-02-26,Bluetooth Speaker,27,997.45,4063
2025-02-27,Bluetooth Speaker,35,1040.26,4028
2025-02-28,Bluetooth Speaker,31,1011.17,3997
2025-03-01,Bluetooth Speaker,42,1011.52,3955
2025-03-02,Bluetooth Speaker,44,986.02,3911
2025-03-03,Bluetooth Speaker,36,976.84,3875
2025-03-04,Bluetooth Speaker,29,995.44,3846
2025-03-05,Bluetooth Speaker,38,944.28,3808
2025-03-06,Bluetooth Speaker,39,1001.96,3769
2025-03-07,Bluetooth Speaker,41,984.77,3728
2025-03-08,Bluetooth Speaker,59,748.86,4544
2025-03-09,Bluetooth Speaker,55,863.11,4489
2025-03-10,Bluetooth Speaker,42,989.12,4447
2025-03-11,Bluetooth Speaker,34,997.68,4413
2025-03-12,Bluetooth Speaker,42,1007.57,4371
2025-03-13,Bluetooth Speaker,36,1014.6,4335
2025-03-14,Bluetooth Speaker,35,993.85,4300
2025-03-15,Bluetooth Speaker,43,1007.56,4257
2025-03-16,Bluetooth Speaker,47,966.0,4210
2025-03-17,Bluetooth Speaker,40,1005.03,4170
2025-03-18,Bluetooth Speaker,47,970.8,4123
2025-03-19,Bluetooth Speaker,51,758.38,4072
2025-03-20,Bluetooth Speaker,52,866.34,4020
2025-03-21,Bluetooth Speaker,32,991.0,3988
2025-03-22,Bluetooth Speaker,45,946.57,4818
2025-03-23,Bluetooth Speaker,31,1015.48,4787
2025-03-24,Bluetooth Speaker,42,1015.4,4745
2025-03-25,Bluetooth Speaker,53,827.2,4692
2025-03-26,Bluetooth Speaker,54,738.99,4638
2025-03-27,Bluetooth Speaker,32,999.11,4606
2025-03-28,Bluetooth Speaker,28,962.87,4578
2025-03-29,Bluetooth Speaker,36,1017.06,4542
2025-03-30,Bluetooth Speaker,43,1019.37,4499
2025-03-31,Bluetooth Speaker,32,1020.88,4467
2025-04-01,Bluetooth Speaker,53,796.15,4414
2025-04-02,Bluetooth Speaker,57,798.67,4357
2025-04-03,Bluetooth Speaker,37,979.49,4320
2025-04-04,Bluetooth Speaker,25,1006.15,4295
2025-04-05,Bluetooth Speaker,50,985.47,5120
2025-04-06,Bluetooth Speaker,52,998.02,5068
2025-04-07,Bluetooth Speaker,36,1023.75,5032
2025-04-08,Bluetooth Speaker,41,1000.4,4991
2025-04-09,Bluetooth Speaker,35,979.34,4956
2025-04-10,Bluetooth Speaker,64,756.4,4892
2025-04-11,Bluetooth Speaker,43,815.26,4849
2025-04-12,Bluetooth Speaker,64,793.56,4785
2025-04-13,Bluetooth Speaker,61,820.3,4724
2025-04-14,Bluetooth Speaker,43,993.95,4681
2025-04-15,Bluetooth Speaker,32,980.08,4649
2025-04-16,Bluetooth Speaker,40,1031.09,4609
2025-04-17,Bluetooth Speaker,32,999.73,4577
2025-04-18,Bluetooth Speaker,36,991.41,4541
2025-04-19,Bluetooth Speaker,41,995.24,5375
2025-04-20,Bluetooth Speaker,50,1014.89,5325
2025-04-21,Bluetooth Speaker,35,1015.05,5290
2025-04-22,Bluetooth Speaker,37,1012.07,5253
2025-04-23,Bluetooth Speaker,37,992.45,5216
2025-04-24,Bluetooth Speaker,37,1028.61,5179
2025-04-25,Bluetooth Speaker,37,1004.26,5142
2025-04-26,Bluetooth Speaker,42,999.24,5100
2025-04-27,Bluetooth Speaker,41,988.22,5059
2025-04-28,Bluetooth Speaker,33,1008.22,5026
2025-04-29,Bluetooth Speaker,22,995.36,5004
2025-04-30,Bluetooth Speaker,68,736.07,4936
2025-05-01,Bluetooth Speaker,50,756.26,4886
2025-05-02,Bluetooth Speaker,46,869.27,4840
2025-05-03,Bluetooth Speaker,54,812.69,5661
2025-05-04,Bluetooth Speaker,45,986.07,5616
2025-05-05,Bluetooth Speaker,39,956.7,5577
2025-05-06,Bluetooth Speaker,36,1031.29,5541
2025-05-07,Bluetooth Speaker,27,985.04,5514
2025-05-08,Bluetooth Speaker,47,1019.31,5467
2025-05-09,Bluetooth Speaker,34,997.16,5433
2025-05-10,Bluetooth Speaker,38,1040.15,5395
2025-05-11,Bluetooth Speaker,31,1026.84,5364
2025-05-12,Bluetooth Speaker,37,985.63,5327
2025-05-13,Bluetooth Speaker,27,1058.86,5300
2025-05-14,Bluetooth Speaker,36,1011.32,5264
2025-05-15,Bluetooth Speaker,38,978.12,5226
2025-05-16,Bluetooth Speaker,55,843.62,5171
2025-05-17,Bluetooth Speaker,51,819.14,5995
2025-05-18,Bluetooth Speaker,54,866.8,5941
2025-05-19,Bluetooth Speaker,32,989.44,5909
2025-05-20,Bluetooth Speaker,37,966.01,5872
2025-05-21,Bluetooth Speaker,35,979.01,5837
2025-05-22,Bluetooth Speaker,40,1006.59,5797
2025-05-23,Bluetooth Speaker,39,990.27,5758
2025-05-24,Bluetooth Speaker,49,983.36,5709
2025-05-25,Bluetooth Speaker,46,1011.02,5663
2025-05-26,Bluetooth Speaker,37,1026.05,5626
2025-05-27,Bluetooth Speaker,36,1006.74,5590
2025-05-28,Bluetooth Speaker,34,1006.34,5556
2025-05-29,Bluetooth Speaker,35,967.3,5521
2025-05-30,Bluetooth Speaker,35,986.49,5486
2025-05-31,Bluetooth Speaker,69,755.27,6292
2025-06-01,Bluetooth Speaker,67,770.69,6225
2025-06-02,Bluetooth Speaker,60,895.83,6165
2025-06-03,Bluetooth Speaker,45,818.57,6120
2025-06-04,Bluetooth Speaker,61,789.44,6059
2025-06-05,Bluetooth Speaker,38,1028.54,6021
2025-06-06,Bluetooth Speaker,29,1008.73,5992
2025-06-07,Bluetooth Speaker,44,1003.78,5948
2025-06-08,Bluetooth Speaker,43,1008.93,5905
2025-06-09,Bluetooth Speaker,28,996.9,5877
2025-06-10,Bluetooth Speaker,31,1013.8,5846
2025-06-11,Bluetooth Speaker,31,1021.14,5815
2025-06-12,Bluetooth Speaker,46,857.46,5769
2025-06-13,Bluetooth Speaker,60,808.58,5709
2025-06-14,Bluetooth Speaker,45,968.51,6539
2025-06-15,Bluetooth Speaker,41,1017.15,6498
2025-06-16,Bluetooth Speaker,33,980.12,6465
2025-06-17,Bluetooth Speaker,36,1034.38,6429
2025-06-18,Bluetooth Speaker,48,1005.77,6381
2025-06-19,Bluetooth Speaker,30,1028.21,6351
2025-06-20,Bluetooth Speaker,50,762.66,6301
2025-06-21,Bluetooth Speaker,63,825.03,6238
2025-06-22,Bluetooth Speaker,53,829.37,6185
2025-06-23,Bluetooth Speaker,36,909.26,6149
2025-06-24,Bluetooth Speaker,56,741.99,6093
2025-06-25,Bluetooth Speaker,41,998.47,6052
2025-06-26,Bluetooth Speaker,24,1025.57,6028
2025-06-27,Bluetooth Speaker,26,1012.88,6002
2025-06-28,Bluetooth Speaker,42,982.21,6835
2025-06-29,Bluetooth Speaker,34,1039.41,6801
2025-06-30,Bluetooth Speaker,36,1010.16,6765
2025-07-01,Bluetooth Speaker,44,1005.07,6721
2025-07-02,Bluetooth Speaker,40,977.82,6681
2025-07-03,Bluetooth Speaker,41,1005.29,6640
2025-07-04,Bluetooth Speaker,35,1003.01,6605
2025-07-05,Bluetooth Speaker,37,997.39,6568
2025-07-06,Bluetooth Speaker,41,1027.65,6527
2025-07-07,Bluetooth Speaker,37,987.72,6490
2025-07-08,Bluetooth Speaker,36,982.48,6454
2025-07-09,Bluetooth Speaker,37,960.32,6417
2025-07-10,Bluetooth Speaker,32,996.33,6385
2025-07-11,Bluetooth Speaker,31,1037.43,6354
2025-07-12,Bluetooth Speaker,35,1038.86,7194
2025-07-13,Bluetooth Speaker,49,999.11,7145
2025-07-14,Bluetooth Speaker,34,1005.14,7111
2025-07-15,Bluetooth Speaker,39,1000.51,7072
2025-07-16,Bluetooth Speaker,34,992.67,7038
2025-07-17,Bluetooth Speaker,30,1023.48,7008
2025-07-18,Bluetooth Speaker,42,1006.58,6966
2025-07-19,Bluetooth Speaker,40,973.99,6926
2025-07-20,Bluetooth Speaker,48,993.66,6878
2025-07-21,Bluetooth Speaker,32,966.66,6846
2025-07-22,Bluetooth Speaker,36,1011.4,6810
2025-07-23,Bluetooth Speaker,40,1010.69,6770
2025-07-24,Bluetooth Speaker,31,1022.74,6739
2025-07-25,Bluetooth Speaker,36,972.56,6703
2025-07-26,Bluetooth Speaker,30,1022.09,7548
2025-07-27,Bluetooth Speaker,60,799.01,7488
2025-07-28,Bluetooth Speaker,50,837.61,7438
2025-07-29,Bluetooth Speaker,49,827.88,7389
2025-07-30,Bluetooth Speaker,36,872.37,7353
2025-07-31,Bluetooth Speaker,40,889.17,7313
2025-08-01,Bluetooth Speaker,38,998.2,7275
2025-08-02,Bluetooth Speaker,41,985.32,7234
2025-08-03,Bluetooth Speaker,29,1044.7,7205
2025-08-04,Bluetooth Speaker,41,977.29,7164
2025-08-05,Bluetooth Speaker,32,985.52,7132
2025-08-06,Bluetooth Speaker,36,1005.46,7096
2025-08-07,Bluetooth Speaker,39,972.43,7057
2025-08-08,Bluetooth Speaker,29,1022.21,7028
2025-08-09,Bluetooth Speaker,46,998.32,7857
2025-08-10,Bluetooth Speaker,35,995.01,7822
2025-08-11,Bluetooth Speaker,31,978.43,7791
2025-08-12,Bluetooth Speaker,43,961.92,7748
2025-08-13,Bluetooth Speaker,36,1016.97,7712
2025-08-14,Bluetooth Speaker,55,759.81,7657
2025-08-15,Bluetooth Speaker,46,841.28,7611
2025-08-16,Bluetooth Speaker,55,778.78,7556
2025-08-17,Bluetooth Speaker,54,823.43,7502
2025-08-18,Bluetooth Speaker,50,817.07,7452
2025-08-19,Bluetooth Speaker,28,1016.72,7424
2025-08-20,Bluetooth Speaker,34,988.36,7390
2025-08-21,Bluetooth Speaker,37,1015.13,7353
2025-08-22,Bluetooth Speaker,29,984.94,7324
2025-08-23,Bluetooth Speaker,27,993.92,8172
2025-08-24,Bluetooth Speaker,59,780.39,8113
2025-08-25,Bluetooth Speaker,48,843.34,8065
2025-08-26,Bluetooth Speaker,34,823.2,8031
2025-08-27,Bluetooth Speaker,50,781.47,7981
2025-08-28,Bluetooth Speaker,32,980.11,7949
2025-08-29,Bluetooth Speaker,36,1002.42,7913
2025-08-30,Bluetooth Speaker,30,999.25,7883
2025-08-31,Bluetooth Speaker,37,990.86,7846
2025-09-01,Bluetooth Speaker,36,1027.48,7810
2025-09-02,Bluetooth Speaker,36,1012.55,7774
2025-09-03,Bluetooth Speaker,32,1015.96,7742
2025-09-04,Bluetooth Speaker,34,1008.09,7708
2025-09-05,Bluetooth Speaker,30,998.25,7678
2025-09-06,Bluetooth Speaker,39,998.13,8514
2025-09-07,Bluetooth Speaker,35,975.93,8479
2025-09-08,Bluetooth Speaker,26,1010.28,8453
2025-09-09,Bluetooth Speaker,36,1006.41,8417
2025-09-10,Bluetooth Speaker,42,997.7,8375
2025-09-11,Bluetooth Speaker,34,1018.73,8341
2025-09-12,Bluetooth Speaker,32,1013.36,8309
2025-09-13,Bluetooth Speaker,60,762.78,8249
2025-09-14,Bluetooth Speaker,45,827.1,8204
2025-09-15,Bluetooth Speaker,41,909.15,8163
2025-09-16,Bluetooth Speaker,44,867.46,8119
2025-09-17,Bluetooth Speaker,26,1025.8,8093
2025-09-18,Bluetooth Speaker,38,1002.91,8055
2025-09-19,Bluetooth Speaker,38,967.75,8017
2025-09-20,Bluetooth Speaker,41,997.35,8851
2025-09-21,Bluetooth Speaker,45,982.1,8806
2025-09-22,Bluetooth Speaker,41,1008.8,8765
2025-09-23,Bluetooth Speaker,35,987.97,8730
2025-09-24,Bluetooth Speaker,44,777.91,8686
2025-09-25,Bluetooth Speaker,52,802.68,8634
2025-09-26,Bluetooth Speaker,35,1006.85,8599
2025-09-27,Bluetooth Speaker,35,995.24,8564
2025-09-28,Bluetooth Speaker,48,992.34,8516
2025-09-29,Bluetooth Speaker,35,1011.64,8481
2025-09-30,Bluetooth Speaker,34,973.8,8447
2025-10-01,Bluetooth Speaker,42,1003.58,8405
2025-10-02,Bluetooth Speaker,68,743.65,8337
2025-10-03,Bluetooth Speaker,53,835.21,8284
2025-10-04,Bluetooth Speaker,48,999.63,9111
2025-10-05,Bluetooth Speaker,49,1002.79,9062
2025-10-06,Bluetooth Speaker,47,989.31,9015
2025-10-07,Bluetooth Speaker,50,911.31,8965
2025-10-08,Bluetooth Speaker,51,959.12,8914
2025-10-09,Bluetooth Speaker,39,1017.74,8875
2025-10-10,Bluetooth Speaker,45,1007.91,8830
2025-10-11,Bluetooth Speaker,52,826.39,8778
2025-10-12,Bluetooth Speaker,77,760.3,8701
2025-10-13,Bluetooth Speaker,35,959.28,8666
2025-10-14,Bluetooth Speaker,42,967.17,8624
2025-10-15,Bluetooth Speaker,46,970.42,8578
2025-10-16,Bluetooth Speaker,40,988.05,8538
2025-10-17,Bluetooth Speaker,40,992.36,8498
2025-10-18,Bluetooth Speaker,47,1006.57,9326
2025-10-19,Bluetooth Speaker,51,1004.72,9275
2025-10-20,Bluetooth Speaker,39,1005.35,9236
2025-10-21,Bluetooth Speaker,36,1009.45,9200
2025-10-22,Bluetooth Speaker,46,882.51,9154
2025-10-23,Bluetooth Speaker,59,793.62,9095
2025-10-24,Bluetooth Speaker,59,883.61,9036
2025-10-25,Bluetooth Speaker,42,991.41,8994
2025-10-26,Bluetooth Speaker,57,964.36,8937
2025-10-27,Bluetooth Speaker,35,1011.0,8902
2025-10-28,Bluetooth Speaker,39,991.97,8863
2025-10-29,Bluetooth Speaker,51,1012.17,8812
2025-10-30,Bluetooth Speaker,37,991.07,8775
2025-10-31,Bluetooth Speaker,47,993.43,8728
2025-11-01,Bluetooth Speaker,47,999.41,9556
2025-11-02,Bluetooth Speaker,53,1019.24,9503
2025-11-03,Bluetooth Speaker,51,983.08,9452
2025-11-04,Bluetooth Speaker,58,1006.65,9394
2025-11-05,Bluetooth Speaker,46,994.18,9348
2025-11-06,Bluetooth Speaker,62,828.81,9286
2025-11-07,Bluetooth Speaker,73,875.0,9213
2025-11-08,Bluetooth Speaker,65,804.72,9148
2025-11-09,Bluetooth Speaker,62,840.1,9086
2025-11-10,Bluetooth Speaker,67,841.91,9019
2025-11-11,Bluetooth Speaker,44,999.85,8975
2025-11-12,Bluetooth Speaker,48,1008.04,8927
2025-11-13,Bluetooth Speaker,48,1021.67,8879
2025-11-14,Bluetooth Speaker,48,1010.66,8831
2025-11-15,Bluetooth Speaker,41,1016.35,9665
2025-11-16,Bluetooth Speaker,53,984.29,9612
2025-11-17,Bluetooth Speaker,51,1005.49,9561
2025-11-18,Bluetooth Speaker,48,981.57,9513
2025-11-19,Bluetooth Speaker,48,995.24,9465
2025-11-20,Bluetooth Speaker,45,1047.18,9420
2025-11-21,Bluetooth Speaker,54,872.26,9366
2025-11-22,Bluetooth Speaker,77,792.37,9289
2025-11-23,Bluetooth Speaker,54,1023.05,9235
2025-11-24,Bluetooth Speaker,58,1021.19,9177
2025-11-25,Bluetooth Speaker,47,1001.33,9130
2025-11-26,Bluetooth Speaker,45,987.03,9085
2025-11-27,Bluetooth Speaker,45,975.35,9040
2025-11-28,Bluetooth Speaker,51,884.0,8989
2025-11-29,Bluetooth Speaker,87,765.01,9777
2025-11-30,Bluetooth Speaker,69,892.72,9708
2025-12-01,Bluetooth Speaker,78,835.79,9630
2025-12-02,Bluetooth Speaker,64,866.71,9566
2025-12-03,Bluetooth Speaker,43,989.61,9523
2025-12-04,Bluetooth Speaker,46,1021.33,9477
2025-12-05,Bluetooth Speaker,50,979.79,9427
2025-12-06,Bluetooth Speaker,80,831.72,9347
2025-12-07,Bluetooth Speaker,73,845.15,9274
2025-12-08,Bluetooth Speaker,72,807.41,9202
2025-12-09,Bluetooth Speaker,63,804.45,9139
2025-12-10,Bluetooth Speaker,49,1001.92,9090
2025-12-11,Bluetooth Speaker,54,1009.14,9036
2025-12-12,Bluetooth Speaker,48,991.18,8988
2025-12-13,Bluetooth Speaker,58,1003.17,9805
2025-12-14,Bluetooth Speaker,96,747.31,9709
2025-12-15,Bluetooth Speaker,68,773.75,9641
2025-12-16,Bluetooth Speaker,73,790.0,9568
2025-12-17,Bluetooth Speaker,78,782.55,9490
2025-12-18,Bluetooth Speaker,56,1018.22,9434
2025-12-19,Bluetooth Speaker,69,843.37,9365
2025-12-20,Bluetooth Speaker,93,732.78,9272
2025-12-21,Bluetooth Speaker,80,855.85,9192
2025-12-22,Bluetooth Speaker,55,1025.28,9137
2025-12-23,Bluetooth Speaker,55,978.28,9082
2025-12-24,Bluetooth Speaker,83,774.48,8999
2025-12-25,Bluetooth Speaker,76,777.74,8923
2025-12-26,Bluetooth Speaker,56,941.52,8867
2025-12-27,Bluetooth Speaker,66,973.44,9676
2025-12-28,Bluetooth Speaker,66,986.07,9610
2025-12-29,Bluetooth Speaker,47,1021.62,9563
2025-12-30,Bluetooth Speaker,55,997.8,9508
2025-12-31,Bluetooth Speaker,61,1006.36,9447
2026-01-01,Bluetooth Speaker,40,994.31,9407
2026-01-02,Bluetooth Speaker,39,1038.93,9368
2026-01-03,Bluetooth Speaker,44,994.67,9324
2026-01-04,Bluetooth Speaker,42,1007.67,9282
2026-01-05,Bluetooth Speaker,56,837.52,9226
2026-01-06,Bluetooth Speaker,44,819.91,9182
2026-01-07,Bluetooth Speaker,61,782.93,9121
2026-01-08,Bluetooth Speaker,41,897.01,9080
2026-01-09,Bluetooth Speaker,52,786.21,9028
2026-01-10,Bluetooth Speaker,43,1001.75,9860
2026-01-11,Bluetooth Speaker,50,994.15,9810
2026-01-12,Bluetooth Speaker,30,974.94,9780
2026-01-13,Bluetooth Speaker,40,996.94,9740
2026-01-14,Bluetooth Speaker,40,874.68,9700
2026-01-15,Bluetooth Speaker,42,801.39,9658
2026-01-16,Bluetooth Speaker,60,752.9,9598
2026-01-17,Bluetooth Speaker,47,817.27,9551
2026-01-18,Bluetooth Speaker,49,756.04,9502
2026-01-19,Bluetooth Speaker,25,1023.47,9477
2026-01-20,Bluetooth Speaker,42,981.25,9435
2026-01-21,Bluetooth Speaker,42,953.58,9393
2026-01-22,Bluetooth Speaker,39,986.69,9354
2026-01-23,Bluetooth Speaker,31,1001.59,9323
2026-01-24,Bluetooth Speaker,50,970.06,10148
2026-01-25,Bluetooth Speaker,51,970.97,10097
2026-01-26,Bluetooth Speaker,40,1037.11,10057
2026-01-27,Bluetooth Speaker,37,997.3,10020
2026-01-28,Bluetooth Speaker,36,1007.74,9984
2026-01-29,Bluetooth Speaker,43,997.99,9941
2026-01-30,Bluetooth Speaker,45,787.18,9896
2026-01-31,Bluetooth Speaker,54,838.69,9842
2026-02-01,Bluetooth Speaker,27,1013.07,9815
2026-02-02,Bluetooth Speaker,34,995.78,9781
2026-02-03,Bluetooth Speaker,25,989.09,9756
2026-02-04,Bluetooth Speaker,34,1003.86,9722
2026-02-05,Bluetooth Speaker,39,969.63,9683
2026-02-06,Bluetooth Speaker,29,1003.06,9654
2026-02-07,Bluetooth Speaker,46,997.93,10483
2026-02-08,Bluetooth Speaker,49,939.34,10434
2026-02-09,Bluetooth Speaker,37,970.59,10397
2026-02-10,Bluetooth Speaker,42,966.22,10355
2026-02-11,Bluetooth Speaker,51,760.23,10304
2026-02-12,Bluetooth Speaker,51,865.39,10253
2026-02-13,Bluetooth Speaker,36,995.7,10217
2026-02-14,Bluetooth Speaker,45,996.07,10172
2026-02-15,Bluetooth Speaker,41,1008.96,10131
2026-02-16,Bluetooth Speaker,24,1016.08,10107
2026-02-17,Bluetooth Speaker,42,1031.36,10065
2026-02-18,Bluetooth Speaker,33,992.97,10032
2026-02-19,Bluetooth Speaker,31,1009.87,10001
2026-02-20,Bluetooth Speaker,34,1041.62,9967
2026-02-21,Bluetooth Speaker,48,972.13,10794
2026-02-22,Bluetooth Speaker,38,1016.52,10756
2026-02-23,Bluetooth Speaker,40,863.97,10716
2026-02-24,Bluetooth Speaker,50,856.04,10666
2026-02-25,Bluetooth Speaker,32,988.27,10634
2026-02-26,Bluetooth Speaker,32,1021.0,10602
2026-02-27,Bluetooth Speaker,39,1002.11,10563
2026-02-28,Bluetooth Speaker,45,1006.07,10518
2026-03-01,Bluetooth Speaker,39,975.96,10479
2026-03-02,Bluetooth Speaker,42,972.38,10437
2026-03-03,Bluetooth Speaker,23,1000.59,10414
2026-03-04,Bluetooth Speaker,48,981.13,10366
2026-03-05,Bluetooth Speaker,26,982.77,10340
2026-03-06,Bluetooth Speaker,32,977.0,10308
2026-03-07,Bluetooth Speaker,68,811.32,11115
2026-03-08,Bluetooth Speaker,54,792.17,11061
2026-03-09,Bluetooth Speaker,57,775.24,11004
2026-03-10,Bluetooth Speaker,41,1019.32,10963
2026-03-11,Bluetooth Speaker,35,1018.95,10928
2026-03-12,Bluetooth Speaker,35,984.84,10893
2026-03-13,Bluetooth Speaker,37,1005.14,10856
2026-03-14,Bluetooth Speaker,46,1047.87,10810
2026-03-15,Bluetooth Speaker,41,993.53,10769
2026-03-16,Bluetooth Speaker,48,780.26,10721
2026-03-17,Bluetooth Speaker,43,873.35,10678
2026-03-18,Bluetooth Speaker,48,900.55,10630
2026-03-19,Bluetooth Speaker,36,993.72,10594
2026-03-20,Bluetooth Speaker,38,1014.62,10556
2026-03-21,Bluetooth Speaker,41,1007.19,11390
2026-03-22,Bluetooth Speaker,47,1002.4,11343
2026-03-23,Bluetooth Speaker,36,1013.71,11307
2026-03-24,Bluetooth Speaker,39,957.35,11268
2026-03-25,Bluetooth Speaker,37,1032.46,11231
2026-03-26,Bluetooth Speaker,42,998.14,11189
2026-03-27,Bluetooth Speaker,34,988.72,11155
2026-03-28,Bluetooth Speaker,37,1024.72,11118
2026-03-29,Bluetooth Speaker,43,975.42,11075
2026-03-30,Bluetooth Speaker,26,1040.83,11049
2026-03-31,Bluetooth Speaker,43,978.33,11006
2026-04-01,Bluetooth Speaker,38,986.28,10968
2026-04-02,Bluetooth Speaker,38,1031.25,10930
2026-04-03,Bluetooth Speaker,40,945.71,10890
2026-04-04,Bluetooth Speaker,31,1025.5,11734
2026-04-05,Bluetooth Speaker,53,974.99,11681
2026-04-06,Bluetooth Speaker,38,983.66,11643
2026-04-07,Bluetooth Speaker,38,977.32,11605
2026-04-08,Bluetooth Speaker,37,960.21,11568
2026-04-09,Bluetooth Speaker,40,970.0,11528
2026-04-10,Bluetooth Speaker,34,1033.25,11494
2026-04-11,Bluetooth Speaker,34,1016.08,11460
2026-04-12,Bluetooth Speaker,40,1009.64,11420
2026-04-13,Bluetooth Speaker,41,996.22,11379
2026-04-14,Bluetooth Speaker,38,984.04,11341
2026-04-15,Bluetooth Speaker,38,982.39,11303
2026-04-16,Bluetooth Speaker,28,997.74,11275
2026-04-17,Bluetooth Speaker,43,983.53,11232
2026-04-18,Bluetooth Speaker,49,986.5,12058
2026-04-19,Bluetooth Speaker,46,1003.17,12012
2026-04-20,Bluetooth Speaker,33,998.83,11979
2026-04-21,Bluetooth Speaker,45,985.15,11934
2026-04-22,Bluetooth Speaker,41,999.41,11893
2026-04-23,Bluetooth Speaker,37,993.05,11856
2026-04-24,Bluetooth Speaker,37,985.76,11819
2026-04-25,Bluetooth Speaker,40,1016.27,11779
2026-04-26,Bluetooth Speaker,41,995.87,11738
2026-04-27,Bluetooth Speaker,33,972.69,11705
2026-04-28,Bluetooth Speaker,35,1021.69,11670
2026-04-29,Bluetooth Speaker,43,1023.51,11627
2026-04-30,Bluetooth Speaker,35,981.96,11592
2026-05-01,Bluetooth Speaker,35,1003.82,11557
2026-05-02,Bluetooth Speaker,38,1019.13,12394
2026-05-03,Bluetooth Speaker,35,1017.51,12359
2026-05-04,Bluetooth Speaker,33,976.73,12326
2026-05-05,Bluetooth Speaker,34,1008.53,12292
2026-05-06,Bluetooth Speaker,30,1000.03,12262
2026-05-07,Bluetooth Speaker,35,1021.61,12227
2026-05-08,Bluetooth Speaker,25,1006.46,12202
2026-05-09,Bluetooth Speaker,37,1060.98,12165
2026-05-10,Bluetooth Speaker,49,1013.86,12116
2026-05-11,Bluetooth Speaker,42,955.93,12074
2026-05-12,Bluetooth Speaker,30,1011.44,12044
2026-05-13,Bluetooth Speaker,44,973.41,12000
2026-05-14,Bluetooth Speaker,32,1000.48,11968
2026-05-15,Bluetooth Speaker,35,1028.69,11933
2026-05-16,Bluetooth Speaker,33,976.12,12775
2026-05-17,Bluetooth Speaker,47,1001.24,12728
2026-05-18,Bluetooth Speaker,31,1030.38,12697
2026-05-19,Bluetooth Speaker,43,977.43,12654
2026-05-20,Bluetooth Speaker,49,966.67,12605
2026-05-21,Bluetooth Speaker,43,992.08,12562
2026-05-22,Bluetooth Speaker,42,1010.32,12520
2026-05-23,Bluetooth Speaker,64,840.57,12456
2026-05-24,Bluetooth Speaker,55,816.22,12401
2026-05-25,Bluetooth Speaker,47,774.45,12354
2026-05-26,Bluetooth Speaker,43,856.61,12311
2026-05-27,Bluetooth Speaker,49,1004.59,12262
2026-05-28,Bluetooth Speaker,42,990.3,12220
2026-05-29,Bluetooth Speaker,35,1027.76,12185
2026-05-30,Bluetooth Speaker,35,963.36,13025
2026-05-31,Bluetooth Speaker,34,1006.58,12991
2026-06-01,Bluetooth Speaker,35,999.6,12956
2026-06-02,Bluetooth Speaker,58,797.83,12898
2026-06-03,Bluetooth Speaker,47,883.07,12851
2026-06-04,Bluetooth Speaker,40,876.85,12811
2026-06-05,Bluetooth Speaker,56,834.7,12755
2026-06-06,Bluetooth Speaker,69,751.05,12686
2026-06-07,Bluetooth Speaker,35,1021.91,12651
2026-06-08,Bluetooth Speaker,32,1035.89,12619
2026-06-09,Bluetooth Speaker,34,988.54,12585
2026-06-10,Bluetooth Speaker,32,978.94,12553
2026-06-11,Bluetooth Speaker,46,1011.48,12507
2026-06-12,Bluetooth Speaker,32,1001.52,12475
2026-06-13,Bluetooth Speaker,47,963.55,13303
2026-06-14,Bluetooth Speaker,39,997.85,13264
2026-06-15,Bluetooth Speaker,53,802.48,13211
2026-06-16,Bluetooth Speaker,34,898.9,13177
2026-06-17,Bluetooth Speaker,44,865.74,13133
2026-06-18,Bluetooth Speaker,46,852.88,13087
2026-06-19,Bluetooth Speaker,51,863.12,13036
2026-06-20,Bluetooth Speaker,37,973.68,12999
2026-06-21,Bluetooth Speaker,34,1020.65,12965
2026-06-22,Bluetooth Speaker,36,971.4,12929
2026-06-23,Bluetooth Speaker,34,990.31,12895
2026-06-24,Bluetooth Speaker,45,986.05,12850
2026-06-25,Bluetooth Speaker,35,978.97,12815
2026-06-26,Bluetooth Speaker,43,978.74,12772
2026-06-27,Bluetooth Speaker,38,1036.78,13609
2026-06-28,Bluetooth Speaker,60,778.18,13549
2026-06-29,Bluetooth Speaker,39,858.73,13510
2026-06-30,Bluetooth Speaker,32,1023.82,13478
2026-07-01,Bluetooth Speaker,34,1002.94,13444
2026-07-02,Bluetooth Speaker,36,1005.81,13408
2026-07-03,Bluetooth Speaker,38,1020.84,13370
2026-07-04,Bluetooth Speaker,40,1011.16,13330
2026-07-05,Bluetooth Speaker,40,997.18,13290
2026-07-06,Bluetooth Speaker,33,1031.41,13257
2026-07-07,Bluetooth Speaker,37,1028.23,13220
2026-07-08,Bluetooth Speaker,37,992.57,13183
2026-07-09,Bluetooth Speaker,44,885.3,13139
2026-07-10,Bluetooth Speaker,56,805.64,13083
2026-07-11,Bluetooth Speaker,59,813.09,13899
2026-07-12,Bluetooth Speaker,59,813.54,13840
2026-07-13,Bluetooth Speaker,50,883.39,13790
2026-07-14,Bluetooth Speaker,35,1013.21,13755
2026-07-15,Bluetooth Speaker,47,818.79,13708
2026-07-16,Bluetooth Speaker,43,850.9,13665
2026-07-17,Bluetooth Speaker,43,848.77,13622
2026-07-18,Bluetooth Speaker,51,826.32,13571
2026-07-19,Bluetooth Speaker,40,997.63,13531
2026-07-20,Bluetooth Speaker,41,983.63,13490
2026-07-21,Bluetooth Speaker,35,977.13,13455
2026-07-22,Bluetooth Speaker,36,959.59,13419
2026-07-23,Bluetooth Speaker,46,1008.02,13373
2026-07-24,Bluetooth Speaker,48,1027.95,13325
2026-07-25,Bluetooth Speaker,44,1002.26,14156
2026-07-26,Bluetooth Speaker,36,1001.15,14120
2026-07-27,Bluetooth Speaker,31,985.97,14089
2026-07-28,Bluetooth Speaker,24,996.25,14065
2026-07-29,Bluetooth Speaker,31,976.08,14034
2026-07-30,Bluetooth Speaker,40,1003.37,13994
2026-07-31,Bluetooth Speaker,36,1020.42,13958
2026-08-01,Bluetooth Speaker,43,1020.97,13915
2026-08-02,Bluetooth Speaker,25,1024.4,13890
2026-08-03,Bluetooth Speaker,40,992.89,13850
2026-08-04,Bluetooth Speaker,43,970.03,13807
2026-08-05,Bluetooth Speaker,34,976.2,13773
2026-08-06,Bluetooth Speaker,39,967.86,13734
2026-08-07,Bluetooth Speaker,31,1020.06,13703
2026-08-08,Bluetooth Speaker,48,998.39,14530
2026-08-09,Bluetooth Speaker,40,979.88,14490
2026-08-10,Bluetooth Speaker,34,993.84,14456
2026-08-11,Bluetooth Speaker,37,1000.29,14419
2026-08-12,Bluetooth Speaker,33,989.95,14386
2026-08-13,Bluetooth Speaker,38,964.23,14348
2026-08-14,Bluetooth Speaker,36,1024.21,14312
2026-08-15,Bluetooth Speaker,38,978.8,14274
2026-08-16,Bluetooth Speaker,46,984.91,14228
2026-08-17,Bluetooth Speaker,33,976.06,14195
2026-08-18,Bluetooth Speaker,32,894.71,14163
2026-08-19,Bluetooth Speaker,42,838.98,14121
2026-08-20,Bluetooth Speaker,42,861.28,14079
2026-08-21,Bluetooth Speaker,47,827.32,14032
2026-08-22,Bluetooth Speaker,62,756.54,14845
2026-08-23,Bluetooth Speaker,41,1033.33,14804
2024-08-24,Laptop Backpack,52,789.24,1448
2024-08-25,Laptop Backpack,48,796.71,1400
2024-08-26,Laptop Backpack,45,813.12,1355
2024-08-27,Laptop Backpack,53,802.56,1302
2024-08-28,Laptop Backpack,48,796.67,1254
2024-08-29,Laptop Backpack,30,788.96,1224
2024-08-30,Laptop Backpack,48,798.02,1176
2024-08-31,Laptop Backpack,55,808.31,1121
2024-09-01,Laptop Backpack,49,816.64,1072
2024-09-02,Laptop Backpack,60,781.59,1012
2024-09-03,Laptop Backpack,48,787.69,964
2024-09-04,Laptop Backpack,44,794.99,920
2024-09-05,Laptop Backpack,45,804.42,875
2024-09-06,Laptop Backpack,50,777.65,825
2024-09-07,Laptop Backpack,57,793.86,2018
2024-09-08,Laptop Backpack,58,810.21,1960
2024-09-09,Laptop Backpack,40,789.94,1920
2024-09-10,Laptop Backpack,42,799.31,1878
2024-09-11,Laptop Backpack,36,783.57,1842
2024-09-12,Laptop Backpack,42,791.42,1800
2024-09-13,Laptop Backpack,57,805.76,1743
2024-09-14,Laptop Backpack,63,795.56,1680
2024-09-15,Laptop Backpack,71,830.43,1609
2024-09-16,Laptop Backpack,42,797.44,1567
2024-09-17,Laptop Backpack,54,792.31,1513
2024-09-18,Laptop Backpack,47,784.44,1466
2024-09-19,Laptop Backpack,37,780.08,1429
2024-09-20,Laptop Backpack,47,788.73,1382
2024-09-21,Laptop Backpack,67,807.76,2565
2024-09-22,Laptop Backpack,46,774.74,2519
2024-09-23,Laptop Backpack,35,794.71,2484
2024-09-24,Laptop Backpack,60,781.64,2424
2024-09-25,Laptop Backpack,51,795.03,2373
2024-09-26,Laptop Backpack,43,808.97,2330
2024-09-27,Laptop Backpack,44,794.38,2286
2024-09-28,Laptop Backpack,48,814.18,2238
2024-09-29,Laptop Backpack,69,777.83,2169
2024-09-30,Laptop Backpack,44,798.98,2125
2024-10-01,Laptop Backpack,67,811.81,2058
2024-10-02,Laptop Backpack,69,625.3,1989
2024-10-03,Laptop Backpack,75,652.78,1914
2024-10-04,Laptop Backpack,89,619.19,1825
2024-10-05,Laptop Backpack,63,727.42,3012
2024-10-06,Laptop Backpack,84,710.73,2928
2024-10-07,Laptop Backpack,71,795.59,2857
2024-10-08,Laptop Backpack,55,813.67,2802
2024-10-09,Laptop Backpack,63,777.11,2739
2024-10-10,Laptop Backpack,62,827.53,2677
2024-10-11,Laptop Backpack,48,782.96,2629
2024-10-12,Laptop Backpack,78,786.56,2551
2024-10-13,Laptop Backpack,70,796.99,2481
2024-10-14,Laptop Backpack,62,794.1,2419
2024-10-15,Laptop Backpack,63,793.1,2356
2024-10-16,Laptop Backpack,63,786.24,2293
2024-10-17,Laptop Backpack,53,806.81,2240
2024-10-18,Laptop Backpack,66,826.73,2174
2024-10-19,Laptop Backpack,64,792.8,3360
2024-10-20,Laptop Backpack,62,793.35,3298
2024-10-21,Laptop Backpack,65,633.62,3233
2024-10-22,Laptop Backpack,73,654.31,3160
2024-10-23,Laptop Backpack,84,629.05,3076
2024-10-24,Laptop Backpack,71,602.96,3005
2024-10-25,Laptop Backpack,64,823.88,2941
2024-10-26,Laptop Backpack,79,780.56,2862
2024-10-27,Laptop Backpack,54,781.34,2808
2024-10-28,Laptop Backpack,55,775.75,2753
2024-10-29,Laptop Backpack,61,793.0,2692
2024-10-30,Laptop Backpack,72,800.04,2620
2024-10-31,Laptop Backpack,45,805.14,2575
2024-11-01,Laptop Backpack,73,791.37,2502
2024-11-02,Laptop Backpack,106,633.28,3646
2024-11-03,Laptop Backpack,103,594.22,3543
2024-11-04,Laptop Backpack,78,685.89,3465
2024-11-05,Laptop Backpack,77,697.25,3388
2024-11-06,Laptop Backpack,65,790.37,3323
2024-11-07,Laptop Backpack,65,789.15,3258
2024-11-08,Laptop Backpack,69,836.48,3189
2024-11-09,Laptop Backpack,58,817.73,3131
2024-11-10,Laptop Backpack,65,792.62,3066
2024-11-11,Laptop Backpack,72,802.29,2994
2024-11-12,Laptop Backpack,65,805.39,2929
2024-11-13,Laptop Backpack,76,790.69,2853
2024-11-14,Laptop Backpack,80,714.41,2773
2024-11-15,Laptop Backpack,79,714.98,2694
2024-11-16,Laptop Backpack,83,597.25,3861
2024-11-17,Laptop Backpack,105,678.08,3756
2024-11-18,Laptop Backpack,81,645.51,3675
2024-11-19,Laptop Backpack,58,799.18,3617
2024-11-20,Laptop Backpack,66,834.79,3551
2024-11-21,Laptop Backpack,79,778.31,3472
2024-11-22,Laptop Backpack,70,794.38,3402
2024-11-23,Laptop Backpack,64,801.35,3338
2024-11-24,Laptop Backpack,84,797.33,3254
2024-11-25,Laptop Backpack,57,796.82,3197
2024-11-26,Laptop Backpack,63,785.0,3134
2024-11-27,Laptop Backpack,53,800.94,3081
2024-11-28,Laptop Backpack,62,811.71,3019
2024-11-29,Laptop Backpack,65,801.6,2954
2024-11-30,Laptop Backpack,95,645.43,4109
2024-12-01,Laptop Backpack,110,616.74,3999
2024-12-02,Laptop Backpack,84,671.11,3915
2024-12-03,Laptop Backpack,65,779.77,3850
2024-12-04,Laptop Backpack,83,781.95,3767
2024-12-05,Laptop Backpack,64,806.45,3703
2024-12-06,Laptop Backpack,73,782.6,3630
2024-12-07,Laptop Backpack,82,836.2,3548
2024-12-08,Laptop Backpack,97,809.95,3451
2024-12-09,Laptop Backpack,71,785.54,3380
2024-12-10,Laptop Backpack,62,793.68,3318
2024-12-11,Laptop Backpack,72,776.27,3246
2024-12-12,Laptop Backpack,64,798.52,3182
2024-12-13,Laptop Backpack,84,710.45,3098
2024-12-14,Laptop Backpack,104,659.63,4244
2024-12-15,Laptop Backpack,102,651.52,4142
2024-12-16,Laptop Backpack,69,787.4,4073
2024-12-17,Laptop Backpack,66,797.55,4007
2024-12-18,Laptop Backpack,75,790.04,3932
2024-12-19,Laptop Backpack,93,711.0,3839
2024-12-20,Laptop Backpack,102,674.29,3737
2024-12-21,Laptop Backpack,99,677.76,3638
2024-12-22,Laptop Backpack,80,798.34,3558
2024-12-23,Laptop Backpack,72,787.49,3486
2024-12-24,Laptop Backpack,68,826.53,3418
2024-12-25,Laptop Backpack,72,822.3,3346
2024-12-26,Laptop Backpack,92,779.16,3254
2024-12-27,Laptop Backpack,83,802.34,3171
2024-12-28,Laptop Backpack,95,794.39,4326
2024-12-29,Laptop Backpack,86,807.96,4240
2024-12-30,Laptop Backpack,87,773.7,4153
2024-12-31,Laptop Backpack,64,791.86,4089
2025-01-01,Laptop Backpack,41,805.45,4048
2025-01-02,Laptop Backpack,42,788.41,4006
2025-01-03,Laptop Backpack,48,804.38,3958
2025-01-04,Laptop Backpack,65,810.13,3893
2025-01-05,Laptop Backpack,60,782.31,3833
2025-01-06,Laptop Backpack,45,775.66,3788
2025-01-07,Laptop Backpack,45,795.68,3743
2025-01-08,Laptop Backpack,41,773.35,3702
2025-01-09,Laptop Backpack,40,796.19,3662
2025-01-10,Laptop Backpack,48,792.59,3614
2025-01-11,Laptop Backpack,70,788.43,4794
2025-01-12,Laptop Backpack,60,786.1,4734
2025-01-13,Laptop Backpack,45,818.41,4689
2025-01-14,Laptop Backpack,53,775.01,4636
2025-01-15,Laptop Backpack,51,819.63,4585
2025-01-16,Laptop Backpack,49,807.1,4536
2025-01-17,Laptop Backpack,48,800.25,4488
2025-01-18,Laptop Backpack,64,779.62,4424
2025-01-19,Laptop Backpack,76,647.25,4348
2025-01-20,Laptop Backpack,74,709.42,4274
2025-01-21,Laptop Backpack,64,696.87,4210
2025-01-22,Laptop Backpack,65,726.27,4145
2025-01-23,Laptop Backpack,75,606.84,4070
2025-01-24,Laptop Backpack,55,830.39,4015
2025-01-25,Laptop Backpack,51,840.73,5214
2025-01-26,Laptop Backpack,67,799.43,5147
2025-01-27,Laptop Backpack,48,809.0,5099
2025-01-28,Laptop Backpack,58,806.01,5041
2025-01-29,Laptop Backpack,54,797.63,4987
2025-01-30,Laptop Backpack,47,814.36,4940
2025-01-31,Laptop Backpack,33,817.88,4907
2025-02-01,Laptop Backpack,53,793.66,4854
2025-02-02,Laptop Backpack,65,818.61,4789
2025-02-03,Laptop Backpack,57,812.99,4732
2025-02-04,Laptop Backpack,63,672.05,4669
2025-02-05,Laptop Backpack,71,662.07,4598
2025-02-06,Laptop Backpack,69,708.74,4529
2025-02-07,Laptop Backpack,70,611.94,4459
2025-02-08,Laptop Backpack,66,650.64,5643
2025-02-09,Laptop Backpack,66,808.11,5577
2025-02-10,Laptop Backpack,55,796.8,5522
2025-02-11,Laptop Backpack,55,808.31,5467
2025-02-12,Laptop Backpack,59,814.82,5408
2025-02-13,Laptop Backpack,53,775.12,5355
2025-02-14,Laptop Backpack,51,780.71,5304
2025-02-15,Laptop Backpack,64,649.82,5240
2025-02-16,Laptop Backpack,85,618.06,5155
2025-02-17,Laptop Backpack,59,659.67,5096
2025-02-18,Laptop Backpack,62,696.37,5034
2025-02-19,Laptop Backpack,49,795.95,4985
2025-02-20,Laptop Backpack,43,839.07,4942
2025-02-21,Laptop Backpack,51,851.64,4891
2025-02-22,Laptop Backpack,52,812.47,6089
2025-02-23,Laptop Backpack,84,625.97,6005
2025-02-24,Laptop Backpack,60,680.71,5945
2025-02-25,Laptop Backpack,62,702.23,5883
2025-02-26,Laptop Backpack,56,827.79,5827
2025-02-27,Laptop Backpack,53,803.02,5774
2025-02-28,Laptop Backpack,54,797.56,5720
2025-03-01,Laptop Backpack,60,804.4,5660
2025-03-02,Laptop Backpack,65,663.44,5595
2025-03-03,Laptop Backpack,59,712.04,5536
2025-03-04,Laptop Backpack,73,695.41,5463
2025-03-05,Laptop Backpack,54,821.15,5409
2025-03-06,Laptop Backpack,52,808.89,5357
2025-03-07,Laptop Backpack,49,804.4,5308
2025-03-08,Laptop Backpack,64,802.26,6494
2025-03-09,Laptop Backpack,52,810.35,6442
2025-03-10,Laptop Backpack,45,790.55,6397
2025-03-11,Laptop Backpack,48,783.51,6349
2025-03-12,Laptop Backpack,52,789.88,6297
2025-03-13,Laptop Backpack,67,688.56,6230
2025-03-14,Laptop Backpack,67,606.73,6163
2025-03-15,Laptop Backpack,73,640.57,6090
2025-03-16,Laptop Backpack,60,715.54,6030
2025-03-17,Laptop Backpack,52,719.95,5978
2025-03-18,Laptop Backpack,43,775.36,5935
2025-03-19,Laptop Backpack,46,797.64,5889
2025-03-20,Laptop Backpack,57,800.99,5832
2025-03-21,Laptop Backpack,50,808.22,5782
2025-03-22,Laptop Backpack,51,800.82,6981
2025-03-23,Laptop Backpack,69,784.02,6912
2025-03-24,Laptop Backpack,43,815.98,6869
2025-03-25,Laptop Backpack,61,805.09,6808
2025-03-26,Laptop Backpack,66,799.66,6742
2025-03-27,Laptop Backpack,44,816.56,6698
2025-03-28,Laptop Backpack,47,761.58,6651
2025-03-29,Laptop Backpack,66,778.03,6585
2025-03-30,Laptop Backpack,54,790.99,6531
2025-03-31,Laptop Backpack,53,783.57,6478
2025-04-01,Laptop Backpack,56,704.04,6422
2025-04-02,Laptop Backpack,71,626.23,6351
2025-04-03,Laptop Backpack,64,648.52,6287
2025-04-04,Laptop Backpack,63,647.84,6224
2025-04-05,Laptop Backpack,74,698.85,7400
2025-04-06,Laptop Backpack,65,808.05,7335
2025-04-07,Laptop Backpack,44,806.35,7291
2025-04-08,Laptop Backpack,48,833.55,7243
2025-04-09,Laptop Backpack,44,817.42,7199
2025-04-10,Laptop Backpack,51,818.96,7148
2025-04-11,Laptop Backpack,49,807.69,7099
2025-04-12,Laptop Backpack,69,789.31,7030
2025-04-13,Laptop Backpack,60,785.4,6970
2025-04-14,Laptop Backpack,56,785.3,6914
2025-04-15,Laptop Backpack,53,795.08,6861
2025-04-16,Laptop Backpack,54,789.16,6807
2025-04-17,Laptop Backpack,52,790.13,6755
2025-04-18,Laptop Backpack,67,609.52,6688
2025-04-19,Laptop Backpack,93,626.43,7845
2025-04-20,Laptop Backpack,75,640.03,7770
2025-04-21,Laptop Backpack,43,798.75,7727
2025-04-22,Laptop Backpack,51,784.03,7676
2025-04-23,Laptop Backpack,65,780.97,7611
2025-04-24,Laptop Backpack,61,820.08,7550
2025-04-25,Laptop Backpack,45,791.76,7505
2025-04-26,Laptop Backpack,79,800.03,7426
2025-04-27,Laptop Backpack,56,830.53,7370
2025-04-28,Laptop Backpack,59,686.24,7311
2025-04-29,Laptop Backpack,69,677.22,7242
2025-04-30,Laptop Backpack,53,795.86,7189
2025-05-01,Laptop Backpack,64,769.32,7125
2025-05-02,Laptop Backpack,56,807.51,7069
2025-05-03,Laptop Backpack,44,797.32,8275
2025-05-04,Laptop Backpack,52,802.21,8223
2025-05-05,Laptop Backpack,42,793.23,8181
2025-05-06,Laptop Backpack,50,789.99,8131
2025-05-07,Laptop Backpack,68,612.63,8063
2025-05-08,Laptop Backpack,66,699.01,7997
2025-05-09,Laptop Backpack,51,692.63,7946
2025-05-10,Laptop Backpack,60,785.0,7886
2025-05-11,Laptop Backpack,47,781.99,7839
2025-05-12,Laptop Backpack,52,794.9,7787
2025-05-13,Laptop Backpack,80,611.46,7707
2025-05-14,Laptop Backpack,74,603.3,7633
2025-05-15,Laptop Backpack,53,776.59,7580
2025-05-16,Laptop Backpack,46,797.27,7534
2025-05-17,Laptop Backpack,77,700.07,8707
2025-05-18,Laptop Backpack,76,663.57,8631
2025-05-19,Laptop Backpack,58,664.99,8573
2025-05-20,Laptop Backpack,53,644.79,8520
2025-05-21,Laptop Backpack,69,637.73,8451
2025-05-22,Laptop Backpack,44,811.94,8407
2025-05-23,Laptop Backpack,37,813.76,8370
2025-05-24,Laptop Backpack,54,795.35,8316
2025-05-25,Laptop Backpack,63,778.81,8253
2025-05-26,Laptop Backpack,72,618.37,8181
2025-05-27,Laptop Backpack,67,620.56,8114
2025-05-28,Laptop Backpack,64,620.08,8050
2025-05-29,Laptop Backpack,61,820.59,7989
2025-05-30,Laptop Backpack,36,783.33,7953
2025-05-31,Laptop Backpack,53,800.78,9150
2025-06-01,Laptop Backpack,60,707.18,9090
2025-06-02,Laptop Backpack,69,633.58,9021
2025-06-03,Laptop Backpack,58,818.93,8963
2025-06-04,Laptop Backpack,81,577.04,8882
2025-06-05,Laptop Backpack,63,693.21,8819
2025-06-06,Laptop Backpack,60,653.29,8759
2025-06-07,Laptop Backpack,66,710.71,8693
2025-06-08,Laptop Backpack,76,648.5,8617
2025-06-09,Laptop Backpack,47,806.11,8570
2025-06-10,Laptop Backpack,57,801.38,8513
2025-06-11,Laptop Backpack,46,805.01,8467
2025-06-12,Laptop Backpack,54,818.57,8413
2025-06-13,Laptop Backpack,33,801.89,8380
2025-06-14,Laptop Backpack,56,814.36,9574
2025-06-15,Laptop Backpack,60,750.8,9514
2025-06-16,Laptop Backpack,57,806.44,9457
2025-06-17,Laptop Backpack,41,796.35,9416
2025-06-18,Laptop Backpack,38,778.84,9378
2025-06-19,Laptop Backpack,47,823.11,9331
2025-06-20,Laptop Backpack,53,615.55,9278
2025-06-21,Laptop Backpack,63,707.36,9215
2025-06-22,Laptop Backpack,55,695.35,9160
2025-06-23,Laptop Backpack,56,670.1,9104
2025-06-24,Laptop Backpack,40,814.5,9064
2025-06-25,Laptop Backpack,57,801.53,9007
2025-06-26,Laptop Backpack,48,811.64,8959
2025-06-27,Laptop Backpack,32,774.98,8927
2025-06-28,Laptop Backpack,61,805.89,10116
2025-06-29,Laptop Backpack,52,822.81,10064
2025-06-30,Laptop Backpack,65,626.89,9999
2025-07-01,Laptop Backpack,72,686.51,9927
2025-07-02,Laptop Backpack,84,676.91,9843
2025-07-03,Laptop Backpack,56,709.56,9787
2025-07-04,Laptop Backpack,57,687.21,9730
2025-07-05,Laptop Backpack,48,789.62,9682
2025-07-06,Laptop Backpack,55,803.78,9627
2025-07-07,Laptop Backpack,51,806.53,9576
2025-07-08,Laptop Backpack,55,801.14,9521
2025-07-09,Laptop Backpack,48,801.6,9473
2025-07-10,Laptop Backpack,53,791.36,9420
2025-07-11,Laptop Backpack,44,789.26,9376
2025-07-12,Laptop Backpack,47,791.13,10579
2025-07-13,Laptop Backpack,66,803.25,10513
2025-07-14,Laptop Backpack,63,685.66,10450
2025-07-15,Laptop Backpack,59,685.2,10391
2025-07-16,Laptop Backpack,65,631.62,10326
2025-07-17,Laptop Backpack,55,816.35,10271
2025-07-18,Laptop Backpack,56,683.22,10215
2025-07-19,Laptop Backpack,60,677.41,10155
2025-07-20,Laptop Backpack,72,722.41,10083
2025-07-21,Laptop Backpack,46,800.89,10037
2025-07-22,Laptop Backpack,51,778.21,9986
2025-07-23,Laptop Backpack,57,792.68,9929
2025-07-24,Laptop Backpack,57,775.31,9872
2025-07-25,Laptop Backpack,55,790.34,9817
2025-07-26,Laptop Backpack,72,780.37,10995
2025-07-27,Laptop Backpack,53,797.7,10942
2025-07-28,Laptop Backpack,38,790.61,10904
2025-07-29,Laptop Backpack,54,820.2,10850
2025-07-30,Laptop Backpack,53,820.94,10797
2025-07-31,Laptop Backpack,64,639.22,10733
2025-08-01,Laptop Backpack,57,685.14,10676
2025-08-02,Laptop Backpack,65,598.86,10611
2025-08-03,Laptop Backpack,80,644.86,10531
2025-08-04,Laptop Backpack,74,600.18,10457
2025-08-05,Laptop Backpack,51,792.44,10406
2025-08-06,Laptop Backpack,38,812.73,10368
2025-08-07,Laptop Backpack,57,806.28,10311
2025-08-08,Laptop Backpack,46,820.96,10265
2025-08-09,Laptop Backpack,49,751.03,11466
2025-08-10,Laptop Backpack,61,797.95,11405
2025-08-11,Laptop Backpack,47,781.29,11358
2025-08-12,Laptop Backpack,42,802.69,11316
2025-08-13,Laptop Backpack,43,789.07,11273
2025-08-14,Laptop Backpack,46,816.18,11227
2025-08-15,Laptop Backpack,63,813.8,11164
2025-08-16,Laptop Backpack,62,818.72,11102
2025-08-17,Laptop Backpack,94,659.53,11008
2025-08-18,Laptop Backpack,52,698.64,10956
2025-08-19,Laptop Backpack,43,792.56,10913
2025-08-20,Laptop Backpack,50,707.4,10863
2025-08-21,Laptop Backpack,69,621.92,10794
2025-08-22,Laptop Backpack,68,608.54,10726
2025-08-23,Laptop Backpack,73,673.23,11903
2025-08-24,Laptop Backpack,62,687.05,11841
2025-08-25,Laptop Backpack,43,817.85,11798
2025-08-26,Laptop Backpack,47,790.84,11751
2025-08-27,Laptop Backpack,49,794.18,11702
2025-08-28,Laptop Backpack,37,827.06,11665
2025-08-29,Laptop Backpack,45,784.54,11620
2025-08-30,Laptop Backpack,48,822.62,11572
2025-08-31,Laptop Backpack,66,780.51,11506
2025-09-01,Laptop Backpack,37,797.31,11469
2025-09-02,Laptop Backpack,52,801.73,11417
2025-09-03,Laptop Backpack,60,793.87,11357
2025-09-04,Laptop Backpack,51,822.8,11306
2025-09-05,Laptop Backpack,47,794.32,11259
2025-09-06,Laptop Backpack,67,783.5,12442
2025-09-07,Laptop Backpack,50,816.23,12392
2025-09-08,Laptop Backpack,61,691.3,12331
2025-09-09,Laptop Backpack,40,670.05,12291
2025-09-10,Laptop Backpack,54,795.37,12237
2025-09-11,Laptop Backpack,40,778.25,12197
2025-09-12,Laptop Backpack,32,801.98,12165
2025-09-13,Laptop Backpack,52,803.98,12113
2025-09-14,Laptop Backpack,50,802.58,12063
2025-09-15,Laptop Backpack,40,801.13,12023
2025-09-16,Laptop Backpack,58,806.66,11965
2025-09-17,Laptop Backpack,36,807.85,11929
2025-09-18,Laptop Backpack,57,798.04,11872
2025-09-19,Laptop Backpack,56,795.14,11816
2025-09-20,Laptop Backpack,75,781.28,12991
2025-09-21,Laptop Backpack,67,660.73,12924
2025-09-22,Laptop Backpack,57,609.03,12867
2025-09-23,Laptop Backpack,67,637.13,12800
2025-09-24,Laptop Backpack,45,793.65,12755
2025-09-25,Laptop Backpack,48,774.23,12707
2025-09-26,Laptop Backpack,37,817.72,12670
2025-09-27,Laptop Backpack,67,784.64,12603
2025-09-28,Laptop Backpack,61,807.99,12542
2025-09-29,Laptop Backpack,39,777.0,12503
2025-09-30,Laptop Backpack,52,778.86,12451
2025-10-01,Laptop Backpack,60,805.03,12391
2025-10-02,Laptop Backpack,64,783.41,12327
2025-10-03,Laptop Backpack,66,755.05,12261
2025-10-04,Laptop Backpack,75,806.46,13436
2025-10-05,Laptop Backpack,97,640.04,13339
2025-10-06,Laptop Backpack,81,630.44,13258
2025-10-07,Laptop Backpack,77,603.25,13181
2025-10-08,Laptop Backpack,70,688.07,13111
2025-10-09,Laptop Backpack,65,807.83,13046
2025-10-10,Laptop Backpack,68,778.03,12978
2025-10-11,Laptop Backpack,66,795.38,12912
2025-10-12,Laptop Backpack,60,795.95,12852
2025-10-13,Laptop Backpack,60,814.9,12792
2025-10-14,Laptop Backpack,64,775.07,12728
2025-10-15,Laptop Backpack,71,818.9,12657
2025-10-16,Laptop Backpack,52,792.79,12605
2025-10-17,Laptop Backpack,55,799.21,12550
2025-10-18,Laptop Backpack,60,781.4,13740
2025-10-19,Laptop Backpack,57,793.24,13683
2025-10-20,Laptop Backpack,51,796.36,13632
2025-10-21,Laptop Backpack,65,798.05,13567
2025-10-22,Laptop Backpack,53,798.61,13514
2025-10-23,Laptop Backpack,53,810.38,13461
2025-10-24,Laptop Backpack,64,786.01,13397
2025-10-25,Laptop Backpack,65,812.61,13332
2025-10-26,Laptop Backpack,57,780.56,13275
2025-10-27,Laptop Backpack,49,776.87,13226
2025-10-28,Laptop Backpack,54,798.93,13172
2025-10-29,Laptop Backpack,71,789.46,13101
2025-10-30,Laptop Backpack,65,777.87,13036
2025-10-31,Laptop Backpack,51,831.58,12985
2025-11-01,Laptop Backpack,68,816.29,14167
2025-11-02,Laptop Backpack,77,810.85,14090
2025-11-03,Laptop Backpack,47,780.97,14043
2025-11-04,Laptop Backpack,64,794.82,13979
2025-11-05,Laptop Backpack,63,781.45,13916
2025-11-06,Laptop Backpack,69,800.88,13847
2025-11-07,Laptop Backpack,73,798.68,13774
2025-11-08,Laptop Backpack,75,772.23,13699
2025-11-09,Laptop Backpack,69,799.23,13630
2025-11-10,Laptop Backpack,58,826.74,13572
2025-11-11,Laptop Backpack,58,813.35,13514
2025-11-12,Laptop Backpack,62,787.28,13452
2025-11-13,Laptop Backpack,70,808.48,13382
2025-11-14,Laptop Backpack,70,807.45,13312
2025-11-15,Laptop Backpack,94,665.42,14468
2025-11-16,Laptop Backpack,81,672.98,14387
2025-11-17,Laptop Backpack,77,711.09,14310
2025-11-18,Laptop Backpack,53,792.69,14257
2025-11-19,Laptop Backpack,70,804.35,14187
2025-11-20,Laptop Backpack,57,763.96,14130
2025-11-21,Laptop Backpack,78,781.54,14052
2025-11-22,Laptop Backpack,80,796.08,13972
2025-11-23,Laptop Backpack,73,824.44,13899
2025-11-24,Laptop Backpack,71,794.72,13828
2025-11-25,Laptop Backpack,79,796.9,13749
2025-11-26,Laptop Backpack,68,811.21,13681
2025-11-27,Laptop Backpack,78,646.89,13603
2025-11-28,Laptop Backpack,80,676.94,13523
2025-11-29,Laptop Backpack,93,657.13,14680
2025-11-30,Laptop Backpack,125,609.51,14555
2025-12-01,Laptop Backpack,95,605.46,14460
2025-12-02,Laptop Backpack,58,831.61,14402
2025-12-03,Laptop Backpack,73,802.97,14329
2025-12-04,Laptop Backpack,80,795.23,14249
2025-12-05,Laptop Backpack,57,802.1,14192
2025-12-06,Laptop Backpack,82,786.31,14110
2025-12-07,Laptop Backpack,68,805.47,14042
2025-12-08,Laptop Backpack,67,779.4,13975
2025-12-09,Laptop Backpack,79,808.39,13896
2025-12-10,Laptop Backpack,84,786.65,13812
2025-12-11,Laptop Backpack,66,810.92,13746
2025-12-12,Laptop Backpack,77,808.82,13669
2025-12-13,Laptop Backpack,83,802.43,14836
2025-12-14,Laptop Backpack,86,803.85,14750
2025-12-15,Laptop Backpack,58,812.47,14692
2025-12-16,Laptop Backpack,76,776.89,14616
2025-12-17,Laptop Backpack,73,791.42,14543
2025-12-18,Laptop Backpack,72,765.96,14471
2025-12-19,Laptop Backpack,70,752.71,14401
2025-12-20,Laptop Backpack,83,815.03,14318
2025-12-21,Laptop Backpack,101,679.26,14217
2025-12-22,Laptop Backpack,111,611.39,14106
2025-12-23,Laptop Backpack,86,644.5,14020
2025-12-24,Laptop Backpack,74,819.41,13946
2025-12-25,Laptop Backpack,76,788.87,13870
2025-12-26,Laptop Backpack,81,809.13,13789
2025-12-27,Laptop Backpack,71,810.32,14968
2025-12-28,Laptop Backpack,73,833.19,14895
2025-12-29,Laptop Backpack,75,821.59,14820
2025-12-30,Laptop Backpack,66,787.29,14754
2025-12-31,Laptop Backpack,73,779.89,14681
2026-01-01,Laptop Backpack,53,815.56,14628
2026-01-02,Laptop Backpack,60,792.57,14568
2026-01-03,Laptop Backpack,61,815.52,14507
2026-01-04,Laptop Backpack,48,800.59,14459
2026-01-05,Laptop Backpack,46,795.58,14413
2026-01-06,Laptop Backpack,62,657.2,14351
2026-01-07,Laptop Backpack,64,647.46,14287
2026-01-08,Laptop Backpack,77,614.23,14210
2026-01-09,Laptop Backpack,47,760.23,14163
2026-01-10,Laptop Backpack,53,810.74,15360
2026-01-11,Laptop Backpack,54,810.62,15306
2026-01-12,Laptop Backpack,42,781.24,15264
2026-01-13,Laptop Backpack,57,803.04,15207
2026-01-14,Laptop Backpack,67,712.3,15140
2026-01-15,Laptop Backpack,61,639.51,15079
2026-01-16,Laptop Backpack,57,631.92,15022
2026-01-17,Laptop Backpack,76,680.27,14946
2026-01-18,Laptop Backpack,73,691.15,14873
2026-01-19,Laptop Backpack,53,823.13,14820
2026-01-20,Laptop Backpack,58,806.62,14762
2026-01-21,Laptop Backpack,51,797.05,14711
2026-01-22,Laptop Backpack,55,806.09,14656
2026-01-23,Laptop Backpack,46,796.17,14610
2026-01-24,Laptop Backpack,51,804.59,15809
2026-01-25,Laptop Backpack,62,771.14,15747
2026-01-26,Laptop Backpack,64,789.82,15683
2026-01-27,Laptop Backpack,67,810.29,15616
2026-01-28,Laptop Backpack,43,798.5,15573
2026-01-29,Laptop Backpack,47,792.42,15526
2026-01-30,Laptop Backpack,51,793.79,15475
2026-01-31,Laptop Backpack,56,779.22,15419
2026-02-01,Laptop Backpack,73,795.88,15346
2026-02-02,Laptop Backpack,57,773.21,15289
2026-02-03,Laptop Backpack,42,797.0,15247
2026-02-04,Laptop Backpack,58,781.9,15189
2026-02-05,Laptop Backpack,64,808.6,15125
2026-02-06,Laptop Backpack,60,790.07,15065
2026-02-07,Laptop Backpack,49,801.61,16266
2026-02-08,Laptop Backpack,62,799.82,16204
2026-02-09,Laptop Backpack,45,806.95,16159
2026-02-10,Laptop Backpack,44,793.38,16115
2026-02-11,Laptop Backpack,62,784.36,16053
2026-02-12,Laptop Backpack,56,796.58,15997
2026-02-13,Laptop Backpack,56,778.4,15941
2026-02-14,Laptop Backpack,67,781.42,15874
2026-02-15,Laptop Backpack,57,778.96,15817
2026-02-16,Laptop Backpack,56,827.39,15761
2026-02-17,Laptop Backpack,41,808.21,15720
2026-02-18,Laptop Backpack,55,800.68,15665
2026-02-19,Laptop Backpack,52,802.96,15613
2026-02-20,Laptop Backpack,49,794.27,15564
2026-02-21,Laptop Backpack,61,805.56,16753
2026-02-22,Laptop Backpack,64,783.04,16689
2026-02-23,Laptop Backpack,49,801.44,16640
2026-02-24,Laptop Backpack,63,780.83,16577
2026-02-25,Laptop Backpack,52,788.3,16525
2026-02-26,Laptop Backpack,71,628.18,16454
2026-02-27,Laptop Backpack,73,615.92,16381
2026-02-28,Laptop Backpack,83,621.38,16298
2026-03-01,Laptop Backpack,74,671.78,16224
2026-03-02,Laptop Backpack,55,679.36,16169
2026-03-03,Laptop Backpack,58,793.53,16111
2026-03-04,Laptop Backpack,74,658.35,16037
2026-03-05,Laptop Backpack,69,618.12,15968
2026-03-06,Laptop Backpack,54,810.38,15914
2026-03-07,Laptop Backpack,58,795.57,17106
2026-03-08,Laptop Backpack,65,810.58,17041
2026-03-09,Laptop Backpack,46,811.18,16995
2026-03-10,Laptop Backpack,64,795.93,16931
2026-03-11,Laptop Backpack,57,801.85,16874
2026-03-12,Laptop Backpack,50,797.84,16824
2026-03-13,Laptop Backpack,61,791.97,16763
2026-03-14,Laptop Backpack,62,808.05,16701
2026-03-15,Laptop Backpack,49,807.3,16652
2026-03-16,Laptop Backpack,53,790.9,16599
2026-03-17,Laptop Backpack,59,800.96,16540
2026-03-18,Laptop Backpack,57,789.3,16483
2026-03-19,Laptop Backpack,71,760.1,16412
2026-03-20,Laptop Backpack,51,810.14,16361
2026-03-21,Laptop Backpack,55,809.78,17556
2026-03-22,Laptop Backpack,59,795.22,17497
2026-03-23,Laptop Backpack,65,597.95,17432
2026-03-24,Laptop Backpack,70,737.45,17362
2026-03-25,Laptop Backpack,70,705.85,17292
2026-03-26,Laptop Backpack,41,797.46,17251
2026-03-27,Laptop Backpack,51,817.04,17200
2026-03-28,Laptop Backpack,48,789.63,17152
2026-03-29,Laptop Backpack,65,773.38,17087
2026-03-30,Laptop Backpack,56,776.2,17031
2026-03-31,Laptop Backpack,42,812.39,16989
2026-04-01,Laptop Backpack,39,760.85,16950
2026-04-02,Laptop Backpack,51,832.3,16899
2026-04-03,Laptop Backpack,59,794.23,16840
2026-04-04,Laptop Backpack,60,802.8,18030
2026-04-05,Laptop Backpack,63,790.59,17967
2026-04-06,Laptop Backpack,48,806.22,17919
2026-04-07,Laptop Backpack,50,821.12,17869
2026-04-08,Laptop Backpack,51,770.36,17818
2026-04-09,Laptop Backpack,75,674.77,17743
2026-04-10,Laptop Backpack,72,632.62,17671
2026-04-11,Laptop Backpack,86,616.92,17585
2026-04-12,Laptop Backpack,73,643.11,17512
2026-04-13,Laptop Backpack,44,795.39,17468
2026-04-14,Laptop Backpack,48,792.83,17420
2026-04-15,Laptop Backpack,60,780.72,17360
2026-04-16,Laptop Backpack,48,817.52,17312
2026-04-17,Laptop Backpack,58,801.87,17254
2026-04-18,Laptop Backpack,70,772.42,18434
2026-04-19,Laptop Backpack,64,811.62,18370
2026-04-20,Laptop Backpack,58,784.38,18312
2026-04-21,Laptop Backpack,50,813.96,18262
2026-04-22,Laptop Backpack,54,805.76,18208
2026-04-23,Laptop Backpack,61,802.71,18147
2026-04-24,Laptop Backpack,52,807.49,18095
2026-04-25,Laptop Backpack,67,826.54,18028
2026-04-26,Laptop Backpack,55,802.43,17973
2026-04-27,Laptop Backpack,79,604.21,17894
2026-04-28,Laptop Backpack,64,665.48,17830
2026-04-29,Laptop Backpack,75,675.8,17755
2026-04-30,Laptop Backpack,69,684.06,17686
2026-05-01,Laptop Backpack,49,724.43,17637
2026-05-02,Laptop Backpack,65,831.12,18822
2026-05-03,Laptop Backpack,65,782.55,18757
2026-05-04,Laptop Backpack,57,804.27,18700
2026-05-05,Laptop Backpack,56,781.16,18644
2026-05-06,Laptop Backpack,42,801.33,18602
2026-05-07,Laptop Backpack,56,810.42,18546
2026-05-08,Laptop Backpack,54,780.33,18492
2026-05-09,Laptop Backpack,55,805.47,18437
2026-05-10,Laptop Backpack,59,823.01,18378
2026-05-11,Laptop Backpack,67,802.25,18311
2026-05-12,Laptop Backpack,50,799.48,18261
2026-05-13,Laptop Backpack,60,802.1,18201
2026-05-14,Laptop Backpack,49,819.41,18152
2026-05-15,Laptop Backpack,79,675.67,18073
2026-05-16,Laptop Backpack,65,712.04,19258
2026-05-17,Laptop Backpack,67,795.1,19191
2026-05-18,Laptop Backpack,56,822.78,19135
2026-05-19,Laptop Backpack,46,802.35,19089
2026-05-20,Laptop Backpack,53,780.99,19036
2026-05-21,Laptop Backpack,53,775.52,18983
2026-05-22,Laptop Backpack,59,695.66,18924
2026-05-23,Laptop Backpack,67,615.22,18857
2026-05-24,Laptop Backpack,84,604.14,18773
2026-05-25,Laptop Backpack,65,605.27,18708
2026-05-26,Laptop Backpack,75,675.47,18633
2026-05-27,Laptop Backpack,51,793.82,18582
2026-05-28,Laptop Backpack,56,795.89,18526
2026-05-29,Laptop Backpack,53,810.69,18473
2026-05-30,Laptop Backpack,55,800.6,19668
2026-05-31,Laptop Backpack,65,831.42,19603
2026-06-01,Laptop Backpack,44,812.68,19559
2026-06-02,Laptop Backpack,61,814.15,19498
2026-06-03,Laptop Backpack,68,791.27,19430
2026-06-04,Laptop Backpack,51,828.14,19379
2026-06-05,Laptop Backpack,59,794.12,19320
2026-06-06,Laptop Backpack,58,782.46,19262
2026-06-07,Laptop Backpack,55,796.93,19207
2026-06-08,Laptop Backpack,46,816.63,19161
2026-06-09,Laptop Backpack,68,626.27,19093
2026-06-10,Laptop Backpack,53,684.08,19040
2026-06-11,Laptop Backpack,61,620.87,18979
2026-06-12,Laptop Backpack,49,674.18,18930
2026-06-13,Laptop Backpack,90,632.41,20090
2026-06-14,Laptop Backpack,63,770.14,20027
2026-06-15,Laptop Backpack,51,779.93,19976
2026-06-16,Laptop Backpack,45,808.58,19931
2026-06-17,Laptop Backpack,48,763.15,19883
2026-06-18,Laptop Backpack,49,800.25,19834
2026-06-19,Laptop Backpack,51,796.21,19783
2026-06-20,Laptop Backpack,56,801.39,19727
2026-06-21,Laptop Backpack,78,620.18,19649
2026-06-22,Laptop Backpack,83,614.13,19566
2026-06-23,Laptop Backpack,49,777.6,19517
2026-06-24,Laptop Backpack,44,833.96,19473
2026-06-25,Laptop Backpack,51,793.08,19422
2026-06-26,Laptop Backpack,24,796.88,19398
2026-06-27,Laptop Backpack,65,799.28,20583
2026-06-28,Laptop Backpack,64,796.0,20519
2026-06-29,Laptop Backpack,64,643.57,20455
2026-06-30,Laptop Backpack,74,659.39,20381
2026-07-01,Laptop Backpack,62,626.35,20319
2026-07-02,Laptop Backpack,63,704.6,20256
2026-07-03,Laptop Backpack,44,803.01,20212
2026-07-04,Laptop Backpack,51,826.67,20161
2026-07-05,Laptop Backpack,54,806.98,20107
2026-07-06,Laptop Backpack,46,807.89,20061
2026-07-07,Laptop Backpack,61,797.4,20000
2026-07-08,Laptop Backpack,42,779.25,19958
2026-07-09,Laptop Backpack,39,780.95,19919
2026-07-10,Laptop Backpack,59,717.97,19860
2026-07-11,Laptop Backpack,78,643.81,21032
2026-07-12,Laptop Backpack,85,593.69,20947
2026-07-13,Laptop Backpack,74,608.63,20873
2026-07-14,Laptop Backpack,61,800.29,20812
2026-07-15,Laptop Backpack,48,797.11,20764
2026-07-16,Laptop Backpack,46,809.35,20718
2026-07-17,Laptop Backpack,50,802.54,20668
2026-07-18,Laptop Backpack,55,821.32,20613
2026-07-19,Laptop Backpack,47,802.71,20566
2026-07-20,Laptop Backpack,54,793.04,20512
2026-07-21,Laptop Backpack,48,794.24,20464
2026-07-22,Laptop Backpack,53,811.97,20411
2026-07-23,Laptop Backpack,59,793.71,20352
2026-07-24,Laptop Backpack,42,776.81,20310
2026-07-25,Laptop Backpack,50,818.21,21510
2026-07-26,Laptop Backpack,61,795.55,21449
2026-07-27,Laptop Backpack,39,790.48,21410
2026-07-28,Laptop Backpack,48,817.82,21362
2026-07-29,Laptop Backpack,43,818.75,21319
2026-07-30,Laptop Backpack,48,821.43,21271
2026-07-31,Laptop Backpack,49,835.59,21222
2026-08-01,Laptop Backpack,60,814.28,21162
2026-08-02,Laptop Backpack,59,788.42,21103
2026-08-03,Laptop Backpack,48,809.65,21055
2026-08-04,Laptop Backpack,70,632.57,20985
2026-08-05,Laptop Backpack,63,685.15,20922
2026-08-06,Laptop Backpack,49,664.73,20873
2026-08-07,Laptop Backpack,44,778.2,20829
2026-08-08,Laptop Backpack,57,821.5,22022
2026-08-09,Laptop Backpack,70,659.66,21952
2026-08-10,Laptop Backpack,65,678.0,21887
2026-08-11,Laptop Backpack,71,652.2,21816
2026-08-12,Laptop Backpack,73,650.53,21743
2026-08-13,Laptop Backpack,60,620.5,21683
2026-08-14,Laptop Backpack,49,821.48,21634
2026-08-15,Laptop Backpack,69,637.67,21565
2026-08-16,Laptop Backpack,59,654.88,21506
2026-08-17,Laptop Backpack,37,772.16,21469
2026-08-18,Laptop Backpack,52,780.6,21417
2026-08-19,Laptop Backpack,52,797.97,21365
2026-08-20,Laptop Backpack,49,755.7,21316
2026-08-21,Laptop Backpack,59,825.21,21257
2026-08-22,Laptop Backpack,44,793.41,22463
2026-08-23,Laptop Backpack,57,815.19,22406
2024-08-24,Yoga Mat,83,452.4,1717
2024-08-25,Yoga Mat,80,450.77,1637
2024-08-26,Yoga Mat,71,388.75,1566
2024-08-27,Yoga Mat,66,394.63,1500
2024-08-28,Yoga Mat,77,393.79,1423
2024-08-29,Yoga Mat,75,493.79,1348
2024-08-30,Yoga Mat,73,504.3,1275
2024-08-31,Yoga Mat,55,498.12,1220
2024-09-01,Yoga Mat,83,386.11,1137
2024-09-02,Yoga Mat,59,413.65,1078
2024-09-03,Yoga Mat,54,408.8,1024
2024-09-04,Yoga Mat,63,446.84,961
2024-09-05,Yoga Mat,72,487.39,889
2024-09-06,Yoga Mat,60,482.53,829
2024-09-07,Yoga Mat,73,483.98,2256
2024-09-08,Yoga Mat,62,488.66,2194
2024-09-09,Yoga Mat,66,511.93,2128
2024-09-10,Yoga Mat,64,474.78,2064
2024-09-11,Yoga Mat,60,511.31,2004
2024-09-12,Yoga Mat,75,493.76,1929
2024-09-13,Yoga Mat,67,487.54,1862
2024-09-14,Yoga Mat,81,487.21,1781
2024-09-15,Yoga Mat,56,495.19,1725
2024-09-16,Yoga Mat,70,498.76,1655
2024-09-17,Yoga Mat,53,493.8,1602
2024-09-18,Yoga Mat,39,513.6,1563
2024-09-19,Yoga Mat,48,497.79,1515
2024-09-20,Yoga Mat,54,485.53,1461
2024-09-21,Yoga Mat,66,494.01,2895
2024-09-22,Yoga Mat,68,514.7,2827
2024-09-23,Yoga Mat,52,497.4,2775
2024-09-24,Yoga Mat,56,493.23,2719
2024-09-25,Yoga Mat,65,486.65,2654
2024-09-26,Yoga Mat,64,511.67,2590
2024-09-27,Yoga Mat,49,497.9,2541
2024-09-28,Yoga Mat,55,483.76,2486
2024-09-29,Yoga Mat,65,515.22,2421
2024-09-30,Yoga Mat,55,479.08,2366
2024-10-01,Yoga Mat,53,506.79,2313
2024-10-02,Yoga Mat,77,504.13,2236
2024-10-03,Yoga Mat,72,504.69,2164
2024-10-04,Yoga Mat,75,488.07,2089
2024-10-05,Yoga Mat,80,507.92,3509
2024-10-06,Yoga Mat,78,505.89,3431
2024-10-07,Yoga Mat,63,496.06,3368
2024-10-08,Yoga Mat,61,484.85,3307
2024-10-09,Yoga Mat,62,445.17,3245
2024-10-10,Yoga Mat,65,452.56,3180
2024-10-11,Yoga Mat,71,473.84,3109
2024-10-12,Yoga Mat,68,514.88,3041
2024-10-13,Yoga Mat,79,476.77,2962
2024-10-14,Yoga Mat,79,510.5,2883
2024-10-15,Yoga Mat,78,485.52,2805
2024-10-16,Yoga Mat,52,482.32,2753
2024-10-17,Yoga Mat,57,497.2,2696
2024-10-18,Yoga Mat,109,373.81,2587
2024-10-19,Yoga Mat,96,399.07,3991
2024-10-20,Yoga Mat,91,444.8,3900
2024-10-21,Yoga Mat,70,485.72,3830
2024-10-22,Yoga Mat,85,487.84,3745
2024-10-23,Yoga Mat,50,501.07,3695
2024-10-24,Yoga Mat,70,503.6,3625
2024-10-25,Yoga Mat,72,501.07,3553
2024-10-26,Yoga Mat,60,492.46,3493
2024-10-27,Yoga Mat,88,488.05,3405
2024-10-28,Yoga Mat,82,494.53,3323
2024-10-29,Yoga Mat,53,507.95,3270
2024-10-30,Yoga Mat,68,513.34,3202
2024-10-31,Yoga Mat,71,487.84,3131
2024-11-01,Yoga Mat,100,510.84,3031
2024-11-02,Yoga Mat,68,492.66,4463
2024-11-03,Yoga Mat,77,514.52,4386
2024-11-04,Yoga Mat,100,379.36,4286
2024-11-05,Yoga Mat,87,416.49,4199
2024-11-06,Yoga Mat,82,493.27,4117
2024-11-07,Yoga Mat,79,520.27,4038
2024-11-08,Yoga Mat,84,488.31,3954
2024-11-09,Yoga Mat,95,502.95,3859
2024-11-10,Yoga Mat,116,424.14,3743
2024-11-11,Yoga Mat,82,408.54,3661
2024-11-12,Yoga Mat,84,435.04,3577
2024-11-13,Yoga Mat,89,391.67,3488
2024-11-14,Yoga Mat,101,377.82,3387
2024-11-15,Yoga Mat,108,507.52,3279
2024-11-16,Yoga Mat,80,491.66,4699
2024-11-17,Yoga Mat,96,489.62,4603
2024-11-18,Yoga Mat,97,494.38,4506
2024-11-19,Yoga Mat,111,379.22,4395
2024-11-20,Yoga Mat,95,457.12,4300
2024-11-21,Yoga Mat,101,419.97,4199
2024-11-22,Yoga Mat,61,514.1,4138
2024-11-23,Yoga Mat,65,507.21,4073
2024-11-24,Yoga Mat,83,509.58,3990
2024-11-25,Yoga Mat,76,488.28,3914
2024-11-26,Yoga Mat,73,492.19,3841
2024-11-27,Yoga Mat,96,496.17,3745
2024-11-28,Yoga Mat,73,502.43,3672
2024-11-29,Yoga Mat,68,481.99,3604
2024-11-30,Yoga Mat,100,500.83,5004
2024-12-01,Yoga Mat,86,493.52,4918
2024-12-02,Yoga Mat,79,509.74,4839
2024-12-03,Yoga Mat,87,513.52,4752
2024-12-04,Yoga Mat,77,500.59,4675
2024-12-05,Yoga Mat,72,504.14,4603
2024-12-06,Yoga Mat,90,497.83,4513
2024-12-07,Yoga Mat,94,503.76,4419
2024-12-08,Yoga Mat,129,391.78,4290
2024-12-09,Yoga Mat,109,402.66,4181
2024-12-10,Yoga Mat,111,401.14,4070
2024-12-11,Yoga Mat,97,416.97,3973
2024-12-12,Yoga Mat,91,498.67,3882
2024-12-13,Yoga Mat,78,499.92,3804
2024-12-14,Yoga Mat,88,505.36,5216
2024-12-15,Yoga Mat,112,407.98,5104
2024-12-16,Yoga Mat,121,383.02,4983
2024-12-17,Yoga Mat,93,481.11,4890
2024-12-18,Yoga Mat,81,504.95,4809
2024-12-19,Yoga Mat,88,499.81,4721
2024-12-20,Yoga Mat,77,497.2,4644
2024-12-21,Yoga Mat,100,503.7,4544
2024-12-22,Yoga Mat,91,515.76,4453
2024-12-23,Yoga Mat,98,491.67,4355
2024-12-24,Yoga Mat,102,496.08,4253
2024-12-25,Yoga Mat,85,490.24,4168
2024-12-26,Yoga Mat,76,508.21,4092
2024-12-27,Yoga Mat,82,501.03,4010
2024-12-28,Yoga Mat,99,501.33,5411
2024-12-29,Yoga Mat,110,495.36,5301
2024-12-30,Yoga Mat,97,494.47,5204
2024-12-31,Yoga Mat,80,491.28,5124
2025-01-01,Yoga Mat,58,492.78,5066
2025-01-02,Yoga Mat,43,493.57,5023
2025-01-03,Yoga Mat,43,499.1,4980
2025-01-04,Yoga Mat,86,485.11,4894
2025-01-05,Yoga Mat,73,488.44,4821
2025-01-06,Yoga Mat,77,495.91,4744
2025-01-07,Yoga Mat,41,425.71,4703
2025-01-08,Yoga Mat,63,434.88,4640
2025-01-09,Yoga Mat,64,393.36,4576
2025-01-10,Yoga Mat,45,519.89,4531
2025-01-11,Yoga Mat,65,500.5,5966
2025-01-12,Yoga Mat,72,498.67,5894
2025-01-13,Yoga Mat,54,496.67,5840
2025-01-14,Yoga Mat,51,490.84,5789
2025-01-15,Yoga Mat,61,503.32,5728
2025-01-16,Yoga Mat,68,476.94,5660
2025-01-17,Yoga Mat,66,507.14,5594
2025-01-18,Yoga Mat,63,500.72,5531
2025-01-19,Yoga Mat,80,480.25,5451
2025-01-20,Yoga Mat,60,494.14,5391
2025-01-21,Yoga Mat,89,511.95,5302
2025-01-22,Yoga Mat,67,493.36,5235
2025-01-23,Yoga Mat,51,489.77,5184
2025-01-24,Yoga Mat,65,428.6,5119
2025-01-25,Yoga Mat,101,397.11,6518
2025-01-26,Yoga Mat,94,484.91,6424
2025-01-27,Yoga Mat,63,478.75,6361
2025-01-28,Yoga Mat,61,498.61,6300
2025-01-29,Yoga Mat,66,490.59,6234
2025-01-30,Yoga Mat,59,510.01,6175
2025-01-31,Yoga Mat,62,482.16,6113
2025-02-01,Yoga Mat,93,437.79,6020
2025-02-02,Yoga Mat,78,403.14,5942
2025-02-03,Yoga Mat,69,408.43,5873
2025-02-04,Yoga Mat,63,396.56,5810
2025-02-05,Yoga Mat,66,487.82,5744
2025-02-06,Yoga Mat,52,509.47,5692
2025-02-07,Yoga Mat,53,497.86,5639
2025-02-08,Yoga Mat,66,498.34,7073
2025-02-09,Yoga Mat,70,497.71,7003
2025-02-10,Yoga Mat,64,485.98,6939
2025-02-11,Yoga Mat,61,488.82,6878
2025-02-12,Yoga Mat,57,500.85,6821
2025-02-13,Yoga Mat,40,505.35,6781
2025-02-14,Yoga Mat,52,480.3,6729
2025-02-15,Yoga Mat,84,520.66,6645
2025-02-16,Yoga Mat,54,502.56,6591
2025-02-17,Yoga Mat,56,493.52,6535
2025-02-18,Yoga Mat,71,494.3,6464
2025-02-19,Yoga Mat,54,499.75,6410
2025-02-20,Yoga Mat,52,502.04,6358
2025-02-21,Yoga Mat,57,496.88,6301
2025-02-22,Yoga Mat,65,497.46,7736
2025-02-23,Yoga Mat,67,496.22,7669
2025-02-24,Yoga Mat,58,503.14,7611
2025-02-25,Yoga Mat,60,488.75,7551
2025-02-26,Yoga Mat,68,486.56,7483
2025-02-27,Yoga Mat,58,495.45,7425
2025-02-28,Yoga Mat,45,492.39,7380
2025-03-01,Yoga Mat,85,393.25,7295
2025-03-02,Yoga Mat,81,435.55,7214
2025-03-03,Yoga Mat,65,496.4,7149
2025-03-04,Yoga Mat,56,502.96,7093
2025-03-05,Yoga Mat,63,518.77,7030
2025-03-06,Yoga Mat,64,504.39,6966
2025-03-07,Yoga Mat,68,507.96,6898
2025-03-08,Yoga Mat,77,492.08,8321
2025-03-09,Yoga Mat,97,495.92,8224
2025-03-10,Yoga Mat,54,508.57,8170
2025-03-11,Yoga Mat,51,524.63,8119
2025-03-12,Yoga Mat,55,498.83,8064
2025-03-13,Yoga Mat,69,493.67,7995
2025-03-14,Yoga Mat,63,480.97,7932
2025-03-15,Yoga Mat,56,514.15,7876
2025-03-16,Yoga Mat,66,503.13,7810
2025-03-17,Yoga Mat,51,519.36,7759
2025-03-18,Yoga Mat,70,496.91,7689
2025-03-19,Yoga Mat,61,490.75,7628
2025-03-20,Yoga Mat,51,506.47,7577
2025-03-21,Yoga Mat,64,491.42,7513
2025-03-22,Yoga Mat,66,486.04,8947
2025-03-23,Yoga Mat,64,494.87,8883
2025-03-24,Yoga Mat,56,491.19,8827
2025-03-25,Yoga Mat,64,508.91,8763
2025-03-26,Yoga Mat,55,484.7,8708
2025-03-27,Yoga Mat,66,512.04,8642
2025-03-28,Yoga Mat,56,493.37,8586
2025-03-29,Yoga Mat,69,503.59,8517
2025-03-30,Yoga Mat,82,511.48,8435
2025-03-31,Yoga Mat,69,494.78,8366
2025-04-01,Yoga Mat,72,442.1,8294
2025-04-02,Yoga Mat,96,397.87,8198
2025-04-03,Yoga Mat,69,414.03,8129
2025-04-04,Yoga Mat,64,430.07,8065
2025-04-05,Yoga Mat,81,415.7,9484
2025-04-06,Yoga Mat,61,496.32,9423
2025-04-07,Yoga Mat,77,395.26,9346
2025-04-08,Yoga Mat,74,434.21,9272
2025-04-09,Yoga Mat,73,386.72,9199
2025-04-10,Yoga Mat,66,410.82,9133
2025-04-11,Yoga Mat,53,455.52,9080
2025-04-12,Yoga Mat,57,500.09,9023
2025-04-13,Yoga Mat,89,496.52,8934
2025-04-14,Yoga Mat,46,488.41,8888
2025-04-15,Yoga Mat,81,486.81,8807
2025-04-16,Yoga Mat,59,508.32,8748
2025-04-17,Yoga Mat,73,498.67,8675
2025-04-18,Yoga Mat,79,488.45,8596
2025-04-19,Yoga Mat,97,377.11,9999
2025-04-20,Yoga Mat,83,406.78,9916
2025-04-21,Yoga Mat,87,386.88,9829
2025-04-22,Yoga Mat,72,496.69,9757
2025-04-23,Yoga Mat,65,493.97,9692
2025-04-24,Yoga Mat,49,501.32,9643
2025-04-25,Yoga Mat,64,478.85,9579
2025-04-26,Yoga Mat,78,497.83,9501
2025-04-27,Yoga Mat,65,503.03,9436
2025-04-28,Yoga Mat,57,499.01,9379
2025-04-29,Yoga Mat,71,508.83,9308
2025-04-30,Yoga Mat,60,490.83,9248
2025-05-01,Yoga Mat,86,510.41,9162
2025-05-02,Yoga Mat,68,494.85,9094
2025-05-03,Yoga Mat,68,497.59,10526
2025-05-04,Yoga Mat,70,500.23,10456
2025-05-05,Yoga Mat,51,499.05,10405
2025-05-06,Yoga Mat,54,478.13,10351
2025-05-07,Yoga Mat,54,432.61,10297
2025-05-08,Yoga Mat,82,425.56,10215
2025-05-09,Yoga Mat,67,505.71,10148
2025-05-10,Yoga Mat,84,495.33,10064
2025-05-11,Yoga Mat,80,488.21,9984
2025-05-12,Yoga Mat,72,426.69,9912
2025-05-13,Yoga Mat,64,445.45,9848
2025-05-14,Yoga Mat,67,491.95,9781
2025-05-15,Yoga Mat,96,379.79,9685
2025-05-16,Yoga Mat,61,405.52,9624
2025-05-17,Yoga Mat,88,445.25,11036
2025-05-18,Yoga Mat,80,500.08,10956
2025-05-19,Yoga Mat,70,510.11,10886
2025-05-20,Yoga Mat,50,497.31,10836
2025-05-21,Yoga Mat,75,506.79,10761
2025-05-22,Yoga Mat,65,518.42,10696
2025-05-23,Yoga Mat,66,485.18,10630
2025-05-24,Yoga Mat,71,501.11,10559
2025-05-25,Yoga Mat,84,430.02,10475
2025-05-26,Yoga Mat,75,452.61,10400
2025-05-27,Yoga Mat,73,424.11,10327
2025-05-28,Yoga Mat,67,415.99,10260
2025-05-29,Yoga Mat,75,440.17,10185
2025-05-30,Yoga Mat,58,499.11,10127
2025-05-31,Yoga Mat,66,493.42,11561
2025-06-01,Yoga Mat,59,506.79,11502
2025-06-02,Yoga Mat,48,508.53,11454
2025-06-03,Yoga Mat,74,515.14,11380
2025-06-04,Yoga Mat,68,501.47,11312
2025-06-05,Yoga Mat,38,521.47,11274
2025-06-06,Yoga Mat,57,507.47,11217
2025-06-07,Yoga Mat,72,498.61,11145
2025-06-08,Yoga Mat,66,493.79,11079
2025-06-09,Yoga Mat,71,491.27,11008
2025-06-10,Yoga Mat,50,509.97,10958
2025-06-11,Yoga Mat,87,498.96,10871
2025-06-12,Yoga Mat,65,493.47,10806
2025-06-13,Yoga Mat,75,485.34,10731
2025-06-14,Yoga Mat,70,498.1,12161
2025-06-15,Yoga Mat,56,491.46,12105
2025-06-16,Yoga Mat,61,478.6,12044
2025-06-17,Yoga Mat,69,504.78,11975
2025-06-18,Yoga Mat,80,394.51,11895
2025-06-19,Yoga Mat,78,386.24,11817
2025-06-20,Yoga Mat,86,411.83,11731
2025-06-21,Yoga Mat,69,504.92,11662
2025-06-22,Yoga Mat,72,501.61,11590
2025-06-23,Yoga Mat,58,492.0,11532
2025-06-24,Yoga Mat,48,507.4,11484
2025-06-25,Yoga Mat,67,505.47,11417
2025-06-26,Yoga Mat,65,498.08,11352
2025-06-27,Yoga Mat,81,405.9,11271
2025-06-28,Yoga Mat,87,389.14,12684
2025-06-29,Yoga Mat,100,434.42,12584
2025-06-30,Yoga Mat,59,431.04,12525
2025-07-01,Yoga Mat,59,499.42,12466
2025-07-02,Yoga Mat,52,527.2,12414
2025-07-03,Yoga Mat,75,508.67,12339
2025-07-04,Yoga Mat,63,487.01,12276
2025-07-05,Yoga Mat,53,508.0,12223
2025-07-06,Yoga Mat,73,498.97,12150
2025-07-07,Yoga Mat,77,416.59,12073
2025-07-08,Yoga Mat,72,377.31,12001
2025-07-09,Yoga Mat,72,438.77,11929
2025-07-10,Yoga Mat,67,430.14,11862
2025-07-11,Yoga Mat,59,424.82,11803
2025-07-12,Yoga Mat,46,496.07,13257
2025-07-13,Yoga Mat,81,480.2,13176
2025-07-14,Yoga Mat,65,494.27,13111
2025-07-15,Yoga Mat,49,501.41,13062
2025-07-16,Yoga Mat,45,482.62,13017
2025-07-17,Yoga Mat,62,496.89,12955
2025-07-18,Yoga Mat,58,517.82,12897
2025-07-19,Yoga Mat,77,500.97,12820
2025-07-20,Yoga Mat,74,503.41,12746
2025-07-21,Yoga Mat,61,481.17,12685
2025-07-22,Yoga Mat,58,504.79,12627
2025-07-23,Yoga Mat,60,486.57,12567
2025-07-24,Yoga Mat,42,502.86,12525
2025-07-25,Yoga Mat,57,484.34,12468
2025-07-26,Yoga Mat,52,501.27,13916
2025-07-27,Yoga Mat,54,484.02,13862
2025-07-28,Yoga Mat,62,504.59,13800
2025-07-29,Yoga Mat,56,498.88,13744
2025-07-30,Yoga Mat,47,494.61,13697
2025-07-31,Yoga Mat,57,499.89,13640
2025-08-01,Yoga Mat,59,485.57,13581
2025-08-02,Yoga Mat,65,495.13,13516
2025-08-03,Yoga Mat,66,494.51,13450
2025-08-04,Yoga Mat,54,485.02,13396
2025-08-05,Yoga Mat,63,499.74,13333
2025-08-06,Yoga Mat,43,496.48,13290
2025-08-07,Yoga Mat,66,492.05,13224
2025-08-08,Yoga Mat,49,497.12,13175
2025-08-09,Yoga Mat,64,502.48,14611
2025-08-10,Yoga Mat,71,504.62,14540
2025-08-11,Yoga Mat,64,482.49,14476
2025-08-12,Yoga Mat,59,501.14,14417
2025-08-13,Yoga Mat,63,499.81,14354
2025-08-14,Yoga Mat,40,500.17,14314
2025-08-15,Yoga Mat,47,503.1,14267
2025-08-16,Yoga Mat,72,501.31,14195
2025-08-17,Yoga Mat,49,507.24,14146
2025-08-18,Yoga Mat,52,478.4,14094
2025-08-19,Yoga Mat,58,519.54,14036
2025-08-20,Yoga Mat,62,496.79,13974
2025-08-21,Yoga Mat,71,493.29,13903
2025-08-22,Yoga Mat,59,491.52,13844
2025-08-23,Yoga Mat,68,492.76,15276
2025-08-24,Yoga Mat,63,518.58,15213
2025-08-25,Yoga Mat,51,514.24,15162
2025-08-26,Yoga Mat,67,501.5,15095
2025-08-27,Yoga Mat,45,498.03,15050
2025-08-28,Yoga Mat,64,427.96,14986
2025-08-29,Yoga Mat,69,442.21,14917
2025-08-30,Yoga Mat,67,401.95,14850
2025-08-31,Yoga Mat,61,501.62,14789
2025-09-01,Yoga Mat,73,517.81,14716
2025-09-02,Yoga Mat,65,504.68,14651
2025-09-03,Yoga Mat,69,495.46,14582
2025-09-04,Yoga Mat,43,500.28,14539
2025-09-05,Yoga Mat,62,496.4,14477
2025-09-06,Yoga Mat,65,500.81,15912
2025-09-07,Yoga Mat,53,497.02,15859
2025-09-08,Yoga Mat,46,490.93,15813
2025-09-09,Yoga Mat,56,501.83,15757
2025-09-10,Yoga Mat,68,495.17,15689
2025-09-11,Yoga Mat,72,440.99,15617
2025-09-12,Yoga Mat,80,439.71,15537
2025-09-13,Yoga Mat,67,445.81,15470
2025-09-14,Yoga Mat,73,433.23,15397
2025-09-15,Yoga Mat,70,403.22,15327
2025-09-16,Yoga Mat,62,496.6,15265
2025-09-17,Yoga Mat,67,495.61,15198
2025-09-18,Yoga Mat,54,509.82,15144
2025-09-19,Yoga Mat,50,497.52,15094
2025-09-20,Yoga Mat,69,406.64,16525
2025-09-21,Yoga Mat,80,406.9,16445
2025-09-22,Yoga Mat,78,404.4,16367
2025-09-23,Yoga Mat,63,502.02,16304
2025-09-24,Yoga Mat,40,503.24,16264
2025-09-25,Yoga Mat,51,505.95,16213
2025-09-26,Yoga Mat,58,498.37,16155
2025-09-27,Yoga Mat,67,497.18,16088
2025-09-28,Yoga Mat,75,488.87,16013
2025-09-29,Yoga Mat,65,496.15,15948
2025-09-30,Yoga Mat,50,436.26,15898
2025-10-01,Yoga Mat,74,452.41,15824
2025-10-02,Yoga Mat,82,382.48,15742
2025-10-03,Yoga Mat,71,491.95,15671
2025-10-04,Yoga Mat,79,487.36,17092
2025-10-05,Yoga Mat,78,503.17,17014
2025-10-06,Yoga Mat,62,511.46,16952
2025-10-07,Yoga Mat,86,411.38,16866
2025-10-08,Yoga Mat,105,394.61,16761
2025-10-09,Yoga Mat,55,491.54,16706
2025-10-10,Yoga Mat,61,491.98,16645
2025-10-11,Yoga Mat,91,511.5,16554
2025-10-12,Yoga Mat,80,415.93,16474
2025-10-13,Yoga Mat,82,385.54,16392
2025-10-14,Yoga Mat,67,504.19,16325
2025-10-15,Yoga Mat,70,487.22,16255
2025-10-16,Yoga Mat,61,499.2,16194
2025-10-17,Yoga Mat,73,490.92,16121
2025-10-18,Yoga Mat,71,504.12,17550
2025-10-19,Yoga Mat,70,503.19,17480
2025-10-20,Yoga Mat,61,491.45,17419
2025-10-21,Yoga Mat,72,522.53,17347
2025-10-22,Yoga Mat,52,502.58,17295
2025-10-23,Yoga Mat,88,473.94,17207
2025-10-24,Yoga Mat,69,502.92,17138
2025-10-25,Yoga Mat,95,496.81,17043
2025-10-26,Yoga Mat,64,493.36,16979
2025-10-27,Yoga Mat,53,498.3,16926
2025-10-28,Yoga Mat,69,486.25,16857
2025-10-29,Yoga Mat,77,493.98,16780
2025-10-30,Yoga Mat,81,400.99,16699
2025-10-31,Yoga Mat,87,388.32,16612
2025-11-01,Yoga Mat,86,432.34,18026
2025-11-02,Yoga Mat,77,500.61,17949
2025-11-03,Yoga Mat,97,505.03,17852
2025-11-04,Yoga Mat,71,497.5,17781
2025-11-05,Yoga Mat,86,491.86,17695
2025-11-06,Yoga Mat,78,521.45,17617
2025-11-07,Yoga Mat,71,495.34,17546
2025-11-08,Yoga Mat,80,482.64,17466
2025-11-09,Yoga Mat,99,505.82,17367
2025-11-10,Yoga Mat,76,504.29,17291
2025-11-11,Yoga Mat,63,487.58,17228
2025-11-12,Yoga Mat,79,488.96,17149
2025-11-13,Yoga Mat,86,501.48,17063
2025-11-14,Yoga Mat,74,500.95,16989
2025-11-15,Yoga Mat,89,493.05,18400
2025-11-16,Yoga Mat,94,500.82,18306
2025-11-17,Yoga Mat,83,509.18,18223
2025-11-18,Yoga Mat,87,501.14,18136
2025-11-19,Yoga Mat,110,383.88,18026
2025-11-20,Yoga Mat,91,429.75,17935
2025-11-21,Yoga Mat,89,481.62,17846
2025-11-22,Yoga Mat,82,494.05,17764
2025-11-23,Yoga Mat,91,496.87,17673
2025-11-24,Yoga Mat,85,425.41,17588
2025-11-25,Yoga Mat,85,452.42,17503
2025-11-26,Yoga Mat,83,494.32,17420
2025-11-27,Yoga Mat,79,494.01,17341
2025-11-28,Yoga Mat,68,502.32,17273
2025-11-29,Yoga Mat,78,507.84,18695
2025-11-30,Yoga Mat,130,427.85,18565
2025-12-01,Yoga Mat,96,371.44,18469
2025-12-02,Yoga Mat,91,491.35,18378
2025-12-03,Yoga Mat,86,493.13,18292
2025-12-04,Yoga Mat,96,487.58,18196
2025-12-05,Yoga Mat,90,461.32,18106
2025-12-06,Yoga Mat,122,394.63,17984
2025-12-07,Yoga Mat,118,410.9,17866
2025-12-08,Yoga Mat,93,439.2,17773
2025-12-09,Yoga Mat,69,499.2,17704
2025-12-10,Yoga Mat,103,500.61,17601
2025-12-11,Yoga Mat,87,489.59,17514
2025-12-12,Yoga Mat,85,503.34,17429
2025-12-13,Yoga Mat,104,482.68,18825
2025-12-14,Yoga Mat,106,499.79,18719
2025-12-15,Yoga Mat,78,501.66,18641
2025-12-16,Yoga Mat,89,511.05,18552
2025-12-17,Yoga Mat,85,494.38,18467
2025-12-18,Yoga Mat,97,498.49,18370
2025-12-19,Yoga Mat,85,499.3,18285
2025-12-20,Yoga Mat,91,505.7,18194
2025-12-21,Yoga Mat,105,517.45,18089
2025-12-22,Yoga Mat,84,502.8,18005
2025-12-23,Yoga Mat,78,507.01,17927
2025-12-24,Yoga Mat,85,504.66,17842
2025-12-25,Yoga Mat,83,503.28,17759
2025-12-26,Yoga Mat,80,503.41,17679
2025-12-27,Yoga Mat,97,494.03,19082
2025-12-28,Yoga Mat,95,510.29,18987
2025-12-29,Yoga Mat,77,516.8,18910
2025-12-30,Yoga Mat,97,496.62,18813
2025-12-31,Yoga Mat,83,490.36,18730
2026-01-01,Yoga Mat,60,511.95,18670
2026-01-02,Yoga Mat,57,503.93,18613
2026-01-03,Yoga Mat,76,504.6,18537
2026-01-04,Yoga Mat,71,496.39,18466
2026-01-05,Yoga Mat,51,495.17,18415
2026-01-06,Yoga Mat,67,496.59,18348
2026-01-07,Yoga Mat,57,485.47,18291
2026-01-08,Yoga Mat,55,506.93,18236
2026-01-09,Yoga Mat,67,484.91,18169
2026-01-10,Yoga Mat,68,492.47,19601
2026-01-11,Yoga Mat,103,378.25,19498
2026-01-12,Yoga Mat,81,389.1,19417
2026-01-13,Yoga Mat,80,416.57,19337
2026-01-14,Yoga Mat,59,434.67,19278
2026-01-15,Yoga Mat,65,421.3,19213
2026-01-16,Yoga Mat,69,497.31,19144
2026-01-17,Yoga Mat,78,496.45,19066
2026-01-18,Yoga Mat,64,493.28,19002
2026-01-19,Yoga Mat,49,498.18,18953
2026-01-20,Yoga Mat,76,494.21,18877
2026-01-21,Yoga Mat,55,497.2,18822
2026-01-22,Yoga Mat,63,431.8,18759
2026-01-23,Yoga Mat,68,416.25,18691
2026-01-24,Yoga Mat,69,492.68,20122
2026-01-25,Yoga Mat,80,498.09,20042
2026-01-26,Yoga Mat,57,480.09,19985
2026-01-27,Yoga Mat,50,500.45,19935
2026-01-28,Yoga Mat,60,499.43,19875
2026-01-29,Yoga Mat,65,498.84,19810
2026-01-30,Yoga Mat,58,485.32,19752
2026-01-31,Yoga Mat,72,505.32,19680
2026-02-01,Yoga Mat,57,508.09,19623
2026-02-02,Yoga Mat,80,493.42,19543
2026-02-03,Yoga Mat,56,494.5,19487
2026-02-04,Yoga Mat,63,499.78,19424
2026-02-05,Yoga Mat,84,389.24,19340
2026-02-06,Yoga Mat,74,391.29,19266
2026-02-07,Yoga Mat,94,379.42,20672
2026-02-08,Yoga Mat,75,418.37,20597
2026-02-09,Yoga Mat,68,429.45,20529
2026-02-10,Yoga Mat,74,495.26,20455
2026-02-11,Yoga Mat,63,509.27,20392
2026-02-12,Yoga Mat,68,500.33,20324
2026-02-13,Yoga Mat,47,497.68,20277
2026-02-14,Yoga Mat,51,495.74,20226
2026-02-15,Yoga Mat,65,504.96,20161
2026-02-16,Yoga Mat,51,509.26,20110
2026-02-17,Yoga Mat,64,491.36,20046
2026-02-18,Yoga Mat,70,510.9,19976
2026-02-19,Yoga Mat,55,509.18,19921
2026-02-20,Yoga Mat,56,492.3,19865
2026-02-21,Yoga Mat,69,489.43,21296
2026-02-22,Yoga Mat,54,516.12,21242
2026-02-23,Yoga Mat,70,491.1,21172
2026-02-24,Yoga Mat,70,491.77,21102
2026-02-25,Yoga Mat,55,498.81,21047
2026-02-26,Yoga Mat,61,496.67,20986
2026-02-27,Yoga Mat,64,508.23,20922
2026-02-28,Yoga Mat,74,512.34,20848
2026-03-01,Yoga Mat,75,509.38,20773
2026-03-02,Yoga Mat,68,502.09,20705
2026-03-03,Yoga Mat,60,498.01,20645
2026-03-04,Yoga Mat,67,438.07,20578
2026-03-05,Yoga Mat,99,372.8,20479
2026-03-06,Yoga Mat,81,398.94,20398
2026-03-07,Yoga Mat,71,502.03,21827
2026-03-08,Yoga Mat,99,368.13,21728
2026-03-09,Yoga Mat,69,431.56,21659
2026-03-10,Yoga Mat,63,424.34,21596
2026-03-11,Yoga Mat,66,445.37,21530
2026-03-12,Yoga Mat,62,495.76,21468
2026-03-13,Yoga Mat,70,480.7,21398
2026-03-14,Yoga Mat,71,492.61,21327
2026-03-15,Yoga Mat,73,506.23,21254
2026-03-16,Yoga Mat,69,511.66,21185
2026-03-17,Yoga Mat,67,503.93,21118
2026-03-18,Yoga Mat,47,483.34,21071
2026-03-19,Yoga Mat,52,501.97,21019
2026-03-20,Yoga Mat,75,500.52,20944
2026-03-21,Yoga Mat,83,408.98,22361
2026-03-22,Yoga Mat,88,371.77,22273
2026-03-23,Yoga Mat,90,422.07,22183
2026-03-24,Yoga Mat,67,477.8,22116
2026-03-25,Yoga Mat,74,510.5,22042
2026-03-26,Yoga Mat,60,497.41,21982
2026-03-27,Yoga Mat,51,501.44,21931
2026-03-28,Yoga Mat,70,504.15,21861
2026-03-29,Yoga Mat,78,509.28,21783
2026-03-30,Yoga Mat,56,486.08,21727
2026-03-31,Yoga Mat,70,485.77,21657
2026-04-01,Yoga Mat,59,506.89,21598
2026-04-02,Yoga Mat,57,508.17,21541
2026-04-03,Yoga Mat,60,483.53,21481
2026-04-04,Yoga Mat,81,491.85,22900
2026-04-05,Yoga Mat,72,493.42,22828
2026-04-06,Yoga Mat,71,487.33,22757
2026-04-07,Yoga Mat,61,491.8,22696
2026-04-08,Yoga Mat,61,484.21,22635
2026-04-09,Yoga Mat,61,504.22,22574
2026-04-10,Yoga Mat,73,402.49,22501
2026-04-11,Yoga Mat,89,436.27,22412
2026-04-12,Yoga Mat,90,388.2,22322
2026-04-13,Yoga Mat,47,499.61,22275
2026-04-14,Yoga Mat,67,511.85,22208
2026-04-15,Yoga Mat,67,491.07,22141
2026-04-16,Yoga Mat,68,503.42,22073
2026-04-17,Yoga Mat,66,487.7,22007
2026-04-18,Yoga Mat,80,498.02,23427
2026-04-19,Yoga Mat,74,512.96,23353
2026-04-20,Yoga Mat,48,496.48,23305
2026-04-21,Yoga Mat,68,495.79,23237
2026-04-22,Yoga Mat,80,407.4,23157
2026-04-23,Yoga Mat,84,424.54,23073
2026-04-24,Yoga Mat,48,508.32,23025
2026-04-25,Yoga Mat,69,508.64,22956
2026-04-26,Yoga Mat,75,509.52,22881
2026-04-27,Yoga Mat,91,496.68,22790
2026-04-28,Yoga Mat,55,491.6,22735
2026-04-29,Yoga Mat,74,507.46,22661
2026-04-30,Yoga Mat,53,511.52,22608
2026-05-01,Yoga Mat,75,501.86,22533
2026-05-02,Yoga Mat,73,492.76,23960
2026-05-03,Yoga Mat,83,475.84,23877
2026-05-04,Yoga Mat,70,496.39,23807
2026-05-05,Yoga Mat,79,504.33,23728
2026-05-06,Yoga Mat,64,502.02,23664
2026-05-07,Yoga Mat,39,508.54,23625
2026-05-08,Yoga Mat,55,499.23,23570
2026-05-09,Yoga Mat,79,517.36,23491
2026-05-10,Yoga Mat,61,494.31,23430
2026-05-11,Yoga Mat,45,496.51,23385
2026-05-12,Yoga Mat,70,503.38,23315
2026-05-13,Yoga Mat,81,495.28,23234
2026-05-14,Yoga Mat,56,506.18,23178
2026-05-15,Yoga Mat,60,484.47,23118
2026-05-16,Yoga Mat,84,492.96,24534
2026-05-17,Yoga Mat,84,506.17,24450
2026-05-18,Yoga Mat,66,508.92,24384
2026-05-19,Yoga Mat,78,506.49,24306
2026-05-20,Yoga Mat,54,489.43,24252
2026-05-21,Yoga Mat,56,510.27,24196
2026-05-22,Yoga Mat,68,492.27,24128
2026-05-23,Yoga Mat,66,500.8,24062
2026-05-24,Yoga Mat,76,502.43,23986
2026-05-25,Yoga Mat,65,504.23,23921
2026-05-26,Yoga Mat,68,502.72,23853
2026-05-27,Yoga Mat,53,503.15,23800
2026-05-28,Yoga Mat,64,494.66,23736
2026-05-29,Yoga Mat,53,487.79,23683
2026-05-30,Yoga Mat,74,467.87,25109
2026-05-31,Yoga Mat,60,516.93,25049
2026-06-01,Yoga Mat,52,484.38,24997
2026-06-02,Yoga Mat,60,496.75,24937
2026-06-03,Yoga Mat,58,505.62,24879
2026-06-04,Yoga Mat,51,488.08,24828
2026-06-05,Yoga Mat,57,505.48,24771
2026-06-06,Yoga Mat,59,498.37,24712
2026-06-07,Yoga Mat,77,493.22,24635
2026-06-08,Yoga Mat,63,489.47,24572
2026-06-09,Yoga Mat,64,500.15,24508
2026-06-10,Yoga Mat,56,504.53,24452
2026-06-11,Yoga Mat,66,508.18,24386
2026-06-12,Yoga Mat,86,417.45,24300
2026-06-13,Yoga Mat,90,429.11,25710
2026-06-14,Yoga Mat,96,380.72,25614
2026-06-15,Yoga Mat,78,413.28,25536
2026-06-16,Yoga Mat,44,513.28,25492
2026-06-17,Yoga Mat,60,473.68,25432
2026-06-18,Yoga Mat,62,495.72,25370
2026-06-19,Yoga Mat,63,481.87,25307
2026-06-20,Yoga Mat,56,517.59,25251
2026-06-21,Yoga Mat,62,489.74,25189
2026-06-22,Yoga Mat,55,499.27,25134
2026-06-23,Yoga Mat,57,493.38,25077
2026-06-24,Yoga Mat,57,496.42,25020
2026-06-25,Yoga Mat,62,500.55,24958
2026-06-26,Yoga Mat,80,497.56,24878
2026-06-27,Yoga Mat,63,488.48,26315
2026-06-28,Yoga Mat,64,509.55,26251
2026-06-29,Yoga Mat,58,518.93,26193
2026-06-30,Yoga Mat,54,504.19,26139
2026-07-01,Yoga Mat,73,490.52,26066
2026-07-02,Yoga Mat,51,494.23,26015
2026-07-03,Yoga Mat,39,494.74,25976
2026-07-04,Yoga Mat,77,493.93,25899
2026-07-05,Yoga Mat,97,412.9,25802
2026-07-06,Yoga Mat,66,392.6,25736
2026-07-07,Yoga Mat,72,423.24,25664
2026-07-08,Yoga Mat,91,427.71,25573
2026-07-09,Yoga Mat,57,498.26,25516
2026-07-10,Yoga Mat,60,505.95,25456
2026-07-11,Yoga Mat,58,501.44,26898
2026-07-12,Yoga Mat,69,501.05,26829
2026-07-13,Yoga Mat,76,510.87,26753
2026-07-14,Yoga Mat,33,506.19,26720
2026-07-15,Yoga Mat,57,480.34,26663
2026-07-16,Yoga Mat,67,496.85,26596
2026-07-17,Yoga Mat,55,495.41,26541
2026-07-18,Yoga Mat,57,503.31,26484
2026-07-19,Yoga Mat,72,514.53,26412
2026-07-20,Yoga Mat,57,496.33,26355
2026-07-21,Yoga Mat,55,481.93,26300
2026-07-22,Yoga Mat,58,495.2,26242
2026-07-23,Yoga Mat,56,521.14,26186
2026-07-24,Yoga Mat,57,493.03,26129
2026-07-25,Yoga Mat,67,491.27,27562
2026-07-26,Yoga Mat,69,491.01,27493
2026-07-27,Yoga Mat,70,490.77,27423
2026-07-28,Yoga Mat,71,393.32,27352
2026-07-29,Yoga Mat,78,399.01,27274
2026-07-30,Yoga Mat,69,414.79,27205
2026-07-31,Yoga Mat,81,406.29,27124
2026-08-01,Yoga Mat,69,506.32,27055
2026-08-02,Yoga Mat,76,459.93,26979
2026-08-03,Yoga Mat,73,408.15,26906
2026-08-04,Yoga Mat,59,443.84,26847
2026-08-05,Yoga Mat,61,484.36,26786
2026-08-06,Yoga Mat,54,495.77,26732
2026-08-07,Yoga Mat,39,518.79,26693
2026-08-08,Yoga Mat,70,496.67,28123
2026-08-09,Yoga Mat,66,508.95,28057
2026-08-10,Yoga Mat,61,479.66,27996
2026-08-11,Yoga Mat,69,496.64,27927
2026-08-12,Yoga Mat,67,436.58,27860
2026-08-13,Yoga Mat,71,410.34,27789
2026-08-14,Yoga Mat,64,379.45,27725
2026-08-15,Yoga Mat,81,456.25,27644
2026-08-16,Yoga Mat,58,496.62,27586
2026-08-17,Yoga Mat,49,518.39,27537
2026-08-18,Yoga Mat,70,509.28,27467
2026-08-19,Yoga Mat,67,509.36,27400
2026-08-20,Yoga Mat,60,478.28,27340
2026-08-21,Yoga Mat,56,497.65,27284
2026-08-22,Yoga Mat,84,489.0,28700
2026-08-23,Yoga Mat,69,498.97,28631
2024-08-24,Air Fryer,20,3543.97,430
2024-08-25,Air Fryer,17,3531.46,413
2024-08-26,Air Fryer,18,3613.96,395
2024-08-27,Air Fryer,14,3546.11,381
2024-08-28,Air Fryer,16,3517.95,365
2024-08-29,Air Fryer,14,3437.33,351
2024-08-30,Air Fryer,22,2999.96,329
2024-08-31,Air Fryer,25,3062.83,304
2024-09-01,Air Fryer,21,3072.52,283
2024-09-02,Air Fryer,16,3578.29,267
2024-09-03,Air Fryer,12,3500.86,255
2024-09-04,Air Fryer,13,3558.92,242
2024-09-05,Air Fryer,18,3461.52,224
2024-09-06,Air Fryer,16,3434.51,208
2024-09-07,Air Fryer,13,3681.99,570
2024-09-08,Air Fryer,14,3500.21,556
2024-09-09,Air Fryer,12,3499.17,544
2024-09-10,Air Fryer,14,3566.03,530
2024-09-11,Air Fryer,14,3488.61,516
2024-09-12,Air Fryer,16,3002.4,500
2024-09-13,Air Fryer,22,3022.44,478
2024-09-14,Air Fryer,20,3589.82,458
2024-09-15,Air Fryer,22,2878.43,436
2024-09-16,Air Fryer,25,2694.46,411
2024-09-17,Air Fryer,16,3438.55,395
2024-09-18,Air Fryer,28,2593.48,367
2024-09-19,Air Fryer,19,2952.57,348
2024-09-20,Air Fryer,10,3227.07,338
2024-09-21,Air Fryer,23,3022.22,690
2024-09-22,Air Fryer,17,3575.05,673
2024-09-23,Air Fryer,12,3469.35,661
2024-09-24,Air Fryer,12,3599.18,649
2024-09-25,Air Fryer,13,3584.45,636
2024-09-26,Air Fryer,14,3472.89,622
2024-09-27,Air Fryer,15,3461.26,607
2024-09-28,Air Fryer,20,3580.04,587
2024-09-29,Air Fryer,15,3563.01,572
2024-09-30,Air Fryer,16,3500.25,556
2024-10-01,Air Fryer,16,3542.6,540
2024-10-02,Air Fryer,18,3587.24,522
2024-10-03,Air Fryer,16,3440.65,506
2024-10-04,Air Fryer,24,2865.23,482
2024-10-05,Air Fryer,27,3062.91,830
2024-10-06,Air Fryer,18,3477.49,812
2024-10-07,Air Fryer,15,3526.45,797
2024-10-08,Air Fryer,15,3531.73,782
2024-10-09,Air Fryer,17,3391.47,765
2024-10-10,Air Fryer,21,3474.67,744
2024-10-11,Air Fryer,22,3479.22,722
2024-10-12,Air Fryer,20,3473.27,702
2024-10-13,Air Fryer,17,3617.67,685
2024-10-14,Air Fryer,18,3402.51,667
2024-10-15,Air Fryer,15,3466.54,652
2024-10-16,Air Fryer,18,3463.42,634
2024-10-17,Air Fryer,17,3503.6,617
2024-10-18,Air Fryer,22,3469.21,595
2024-10-19,Air Fryer,27,3490.01,943
2024-10-20,Air Fryer,31,2774.14,912
2024-10-21,Air Fryer,31,2611.46,881
2024-10-22,Air Fryer,26,2753.61,855
2024-10-23,Air Fryer,22,2884.45,833
2024-10-24,Air Fryer,30,2711.51,803
2024-10-25,Air Fryer,16,3598.46,787
2024-10-26,Air Fryer,21,3437.94,766
2024-10-27,Air Fryer,30,2781.64,736
2024-10-28,Air Fryer,24,2604.2,712
2024-10-29,Air Fryer,28,2722.38,684
2024-10-30,Air Fryer,15,3583.2,669
2024-10-31,Air Fryer,16,3495.6,653
2024-11-01,Air Fryer,18,3505.8,635
2024-11-02,Air Fryer,20,3576.1,990
2024-11-03,Air Fryer,24,3418.26,966
2024-11-04,Air Fryer,22,3399.06,944
2024-11-05,Air Fryer,19,3567.21,925
2024-11-06,Air Fryer,17,3651.91,908
2024-11-07,Air Fryer,25,3391.65,883
2024-11-08,Air Fryer,19,3434.3,864
2024-11-09,Air Fryer,18,3584.67,846
2024-11-10,Air Fryer,21,3650.68,825
2024-11-11,Air Fryer,22,3047.19,803
2024-11-12,Air Fryer,20,3087.91,783
2024-11-13,Air Fryer,27,2924.57,756
2024-11-14,Air Fryer,25,2870.31,731
2024-11-15,Air Fryer,23,2999.4,708
2024-11-16,Air Fryer,22,3503.38,1061
2024-11-17,Air Fryer,26,3348.06,1035
2024-11-18,Air Fryer,18,3503.43,1017
2024-11-19,Air Fryer,20,3579.64,997
2024-11-20,Air Fryer,20,3522.12,977
2024-11-21,Air Fryer,19,3476.78,958
2024-11-22,Air Fryer,21,3463.57,937
2024-11-23,Air Fryer,21,3580.01,916
2024-11-24,Air Fryer,34,2924.61,882
2024-11-25,Air Fryer,30,2762.07,852
2024-11-26,Air Fryer,32,2891.57,820
2024-11-27,Air Fryer,30,2878.21,790
2024-11-28,Air Fryer,25,3084.26,765
2024-11-29,Air Fryer,18,3489.97,747
2024-11-30,Air Fryer,26,3420.8,1096
2024-12-01,Air Fryer,19,3599.04,1077
2024-12-02,Air Fryer,20,3388.96,1057
2024-12-03,Air Fryer,21,3590.51,1036
2024-12-04,Air Fryer,19,3443.53,1017
2024-12-05,Air Fryer,24,3554.89,993
2024-12-06,Air Fryer,21,3314.11,972
2024-12-07,Air Fryer,24,3473.13,948
2024-12-08,Air Fryer,25,3565.31,923
2024-12-09,Air Fryer,22,3454.66,901
2024-12-10,Air Fryer,16,3489.91,885
2024-12-11,Air Fryer,27,3476.44,858
2024-12-12,Air Fryer,23,3411.97,835
2024-12-13,Air Fryer,23,3513.15,812
2024-12-14,Air Fryer,25,3463.27,1162
2024-12-15,Air Fryer,20,3549.68,1142
2024-12-16,Air Fryer,21,3501.75,1121
2024-12-17,Air Fryer,25,3430.43,1096
2024-12-18,Air Fryer,19,3518.48,1077
2024-12-19,Air Fryer,35,2795.85,1042
2024-12-20,Air Fryer,35,2716.34,1007
2024-12-21,Air Fryer,31,3105.18,976
2024-12-22,Air Fryer,40,2840.28,936
2024-12-23,Air Fryer,24,3418.2,912
2024-12-24,Air Fryer,19,3463.28,893
2024-12-25,Air Fryer,23,3455.95,870
2024-12-26,Air Fryer,18,3505.78,852
2024-12-27,Air Fryer,23,3418.73,829
2024-12-28,Air Fryer,25,3415.7,1179
2024-12-29,Air Fryer,29,3407.05,1150
2024-12-30,Air Fryer,22,3344.89,1128
2024-12-31,Air Fryer,26,3445.72,1102
2025-01-01,Air Fryer,17,3534.23,1085
2025-01-02,Air Fryer,14,3402.81,1071
2025-01-03,Air Fryer,18,3442.69,1053
2025-01-04,Air Fryer,14,3508.9,1039
2025-01-05,Air Fryer,18,3437.75,1021
2025-01-06,Air Fryer,14,3531.38,1007
2025-01-07,Air Fryer,13,3511.79,994
2025-01-08,Air Fryer,14,3490.99,980
2025-01-09,Air Fryer,11,3493.66,969
2025-01-10,Air Fryer,15,3573.02,954
2025-01-11,Air Fryer,16,3523.64,1313
2025-01-12,Air Fryer,21,3418.88,1292
2025-01-13,Air Fryer,16,3440.39,1276
2025-01-14,Air Fryer,13,3537.76,1263
2025-01-15,Air Fryer,17,3404.17,1246
2025-01-16,Air Fryer,17,3437.34,1229
2025-01-17,Air Fryer,11,3547.65,1218
2025-01-18,Air Fryer,20,3470.16,1198
2025-01-19,Air Fryer,18,3586.42,1180
2025-01-20,Air Fryer,17,3554.12,1163
2025-01-21,Air Fryer,15,3338.58,1148
2025-01-22,Air Fryer,18,3411.11,1130
2025-01-23,Air Fryer,11,3448.21,1119
2025-01-24,Air Fryer,12,3644.42,1107
2025-01-25,Air Fryer,21,3429.19,1461
2025-01-26,Air Fryer,24,2864.4,1437
2025-01-27,Air Fryer,27,2632.75,1410
2025-01-28,Air Fryer,18,2991.44,1392
2025-01-29,Air Fryer,20,2886.1,1372
2025-01-30,Air Fryer,27,2872.52,1345
2025-01-31,Air Fryer,15,3480.33,1330
2025-02-01,Air Fryer,19,3482.39,1311
2025-02-02,Air Fryer,24,3507.58,1287
2025-02-03,Air Fryer,17,3423.3,1270
2025-02-04,Air Fryer,12,3530.23,1258
2025-02-05,Air Fryer,17,3523.07,1241
2025-02-06,Air Fryer,16,3558.77,1225
2025-02-07,Air Fryer,18,3463.75,1207
2025-02-08,Air Fryer,18,3494.58,1564
2025-02-09,Air Fryer,18,3497.57,1546
2025-02-10,Air Fryer,14,3492.16,1532
2025-02-11,Air Fryer,23,2965.46,1509
2025-02-12,Air Fryer,21,3088.37,1488
2025-02-13,Air Fryer,14,3590.63,1474
2025-02-14,Air Fryer,16,3492.07,1458
2025-02-15,Air Fryer,18,3539.3,1440
2025-02-16,Air Fryer,17,3498.3,1423
2025-02-17,Air Fryer,18,3443.42,1405
2025-02-18,Air Fryer,16,3586.98,1389
2025-02-19,Air Fryer,16,3506.64,1373
2025-02-20,Air Fryer,16,3592.29,1357
2025-02-21,Air Fryer,15,3630.76,1342
2025-02-22,Air Fryer,22,3440.9,1695
2025-02-23,Air Fryer,20,3569.64,1675
2025-02-24,Air Fryer,16,3537.97,1659
2025-02-25,Air Fryer,13,3550.51,1646
2025-02-26,Air Fryer,14,3601.07,1632
2025-02-27,Air Fryer,14,3532.35,1618
2025-02-28,Air Fryer,14,3579.32,1604
2025-03-01,Air Fryer,21,3456.3,1583
2025-03-02,Air Fryer,16,3482.15,1567
2025-03-03,Air Fryer,16,3538.9,1551
2025-03-04,Air Fryer,24,2858.41,1527
2025-03-05,Air Fryer,23,2838.87,1504
2025-03-06,Air Fryer,19,3069.16,1485
2025-03-07,Air Fryer,19,3017.6,1466
2025-03-08,Air Fryer,14,3529.69,1827
2025-03-09,Air Fryer,19,3554.49,1808
2025-03-10,Air Fryer,19,3443.54,1789
2025-03-11,Air Fryer,18,3551.15,1771
2025-03-12,Air Fryer,16,3571.57,1755
2025-03-13,Air Fryer,13,3568.64,1742
2025-03-14,Air Fryer,26,2716.72,1716
2025-03-15,Air Fryer,23,2957.25,1693
2025-03-16,Air Fryer,20,3081.71,1673
2025-03-17,Air Fryer,28,2685.54,1645
2025-03-18,Air Fryer,20,3023.54,1625
2025-03-19,Air Fryer,12,3628.89,1613
2025-03-20,Air Fryer,18,3506.38,1595
2025-03-21,Air Fryer,16,3468.82,1579
2025-03-22,Air Fryer,15,3492.58,1939
2025-03-23,Air Fryer,15,3573.63,1924
2025-03-24,Air Fryer,13,3483.25,1911
2025-03-25,Air Fryer,15,3452.07,1896
2025-03-26,Air Fryer,18,3511.38,1878
2025-03-27,Air Fryer,12,3490.13,1866
2025-03-28,Air Fryer,17,3509.24,1849
2025-03-29,Air Fryer,12,3441.28,1837
2025-03-30,Air Fryer,18,3533.01,1819
2025-03-31,Air Fryer,16,3399.65,1803
2025-04-01,Air Fryer,15,3535.43,1788
2025-04-02,Air Fryer,17,3445.94,1771
2025-04-03,Air Fryer,16,3513.13,1755
2025-04-04,Air Fryer,15,3426.7,1740
2025-04-05,Air Fryer,14,3643.52,2101
2025-04-06,Air Fryer,17,3505.88,2084
2025-04-07,Air Fryer,15,3477.41,2069
2025-04-08,Air Fryer,18,3625.71,2051
2025-04-09,Air Fryer,16,3481.15,2035
2025-04-10,Air Fryer,16,3502.27,2019
2025-04-11,Air Fryer,16,3564.54,2003
2025-04-12,Air Fryer,19,3410.05,1984
2025-04-13,Air Fryer,17,3458.3,1967
2025-04-14,Air Fryer,16,3630.55,1951
2025-04-15,Air Fryer,18,3544.15,1933
2025-04-16,Air Fryer,14,3447.79,1919
2025-04-17,Air Fryer,16,3498.74,1903
2025-04-18,Air Fryer,20,3457.27,1883
2025-04-19,Air Fryer,19,3547.03,2239
2025-04-20,Air Fryer,17,3440.86,2222
2025-04-21,Air Fryer,16,3473.31,2206
2025-04-22,Air Fryer,14,3661.77,2192
2025-04-23,Air Fryer,15,3461.17,2177
2025-04-24,Air Fryer,18,3364.87,2159
2025-04-25,Air Fryer,15,3470.66,2144
2025-04-26,Air Fryer,12,3501.48,2132
2025-04-27,Air Fryer,15,3492.68,2117
2025-04-28,Air Fryer,16,3457.4,2101
2025-04-29,Air Fryer,28,2693.46,2073
2025-04-30,Air Fryer,21,3100.8,2052
2025-05-01,Air Fryer,21,3073.27,2031
2025-05-02,Air Fryer,24,2846.95,2007
2025-05-03,Air Fryer,15,3390.97,2367
2025-05-04,Air Fryer,19,3421.04,2348
2025-05-05,Air Fryer,13,3511.81,2335
2025-05-06,Air Fryer,17,3492.76,2318
2025-05-07,Air Fryer,18,3486.52,2300
2025-05-08,Air Fryer,15,3443.21,2285
2025-05-09,Air Fryer,13,3453.06,2272
2025-05-10,Air Fryer,16,3543.31,2256
2025-05-11,Air Fryer,20,3483.57,2236
2025-05-12,Air Fryer,14,3458.75,2222
2025-05-13,Air Fryer,15,3536.03,2207
2025-05-14,Air Fryer,18,3588.2,2189
2025-05-15,Air Fryer,16,3544.34,2173
2025-05-16,Air Fryer,11,3521.93,2162
2025-05-17,Air Fryer,16,3535.04,2521
2025-05-18,Air Fryer,18,3379.81,2503
2025-05-19,Air Fryer,18,3406.27,2485
2025-05-20,Air Fryer,15,3497.09,2470
2025-05-21,Air Fryer,13,3497.63,2457
2025-05-22,Air Fryer,16,3478.26,2441
2025-05-23,Air Fryer,12,3513.72,2429
2025-05-24,Air Fryer,24,3499.24,2405
2025-05-25,Air Fryer,24,3521.64,2381
2025-05-26,Air Fryer,13,3494.27,2368
2025-05-27,Air Fryer,17,3417.89,2351
2025-05-28,Air Fryer,12,3485.75,2339
2025-05-29,Air Fryer,13,3479.56,2326
2025-05-30,Air Fryer,16,3463.72,2310
2025-05-31,Air Fryer,12,3532.17,2673
2025-06-01,Air Fryer,17,3491.96,2656
2025-06-02,Air Fryer,17,3386.33,2639
2025-06-03,Air Fryer,16,3479.0,2623
2025-06-04,Air Fryer,19,3441.64,2604
2025-06-05,Air Fryer,13,3468.95,2591
2025-06-06,Air Fryer,13,3518.02,2578
2025-06-07,Air Fryer,16,3451.45,2562
2025-06-08,Air Fryer,18,3450.99,2544
2025-06-09,Air Fryer,15,3507.2,2529
2025-06-10,Air Fryer,17,3380.52,2512
2025-06-11,Air Fryer,16,3561.48,2496
2025-06-12,Air Fryer,14,3571.25,2482
2025-06-13,Air Fryer,25,2701.8,2457
2025-06-14,Air Fryer,23,3196.53,2809
2025-06-15,Air Fryer,18,3181.27,2791
2025-06-16,Air Fryer,15,3476.5,2776
2025-06-17,Air Fryer,19,3384.08,2757
2025-06-18,Air Fryer,17,3588.64,2740
2025-06-19,Air Fryer,16,3440.01,2724
2025-06-20,Air Fryer,14,3474.37,2710
2025-06-21,Air Fryer,15,3581.13,2695
2025-06-22,Air Fryer,18,3463.88,2677
2025-06-23,Air Fryer,18,3442.73,2659
2025-06-24,Air Fryer,15,3661.79,2644
2025-06-25,Air Fryer,19,3067.46,2625
2025-06-26,Air Fryer,19,3088.24,2606
2025-06-27,Air Fryer,22,2945.52,2584
2025-06-28,Air Fryer,16,3505.79,2943
2025-06-29,Air Fryer,18,3444.13,2925
2025-06-30,Air Fryer,16,3436.0,2909
2025-07-01,Air Fryer,21,3487.37,2888
2025-07-02,Air Fryer,15,3479.75,2873
2025-07-03,Air Fryer,25,2643.05,2848
2025-07-04,Air Fryer,20,2891.03,2828
2025-07-05,Air Fryer,17,3376.46,2811
2025-07-06,Air Fryer,21,3512.78,2790
2025-07-07,Air Fryer,19,3535.67,2771
2025-07-08,Air Fryer,23,2828.53,2748
2025-07-09,Air Fryer,18,3019.05,2730
2025-07-10,Air Fryer,25,2703.82,2705
2025-07-11,Air Fryer,26,2670.0,2679
2025-07-12,Air Fryer,24,3466.62,3030
2025-07-13,Air Fryer,14,3457.26,3016
2025-07-14,Air Fryer,13,3474.5,3003
2025-07-15,Air Fryer,16,3544.47,2987
2025-07-16,Air Fryer,15,3510.14,2972
2025-07-17,Air Fryer,23,2803.23,2949
2025-07-18,Air Fryer,26,2703.57,2923
2025-07-19,Air Fryer,29,2804.38,2894
2025-07-20,Air Fryer,21,3189.13,2873
2025-07-21,Air Fryer,14,3471.04,2859
2025-07-22,Air Fryer,13,3408.52,2846
2025-07-23,Air Fryer,12,3488.83,2834
2025-07-24,Air Fryer,14,3469.78,2820
2025-07-25,Air Fryer,17,3489.98,2803
2025-07-26,Air Fryer,17,3401.21,3161
2025-07-27,Air Fryer,15,3412.17,3146
2025-07-28,Air Fryer,12,3445.97,3134
2025-07-29,Air Fryer,18,3454.79,3116
2025-07-30,Air Fryer,14,3519.63,3102
2025-07-31,Air Fryer,12,3524.35,3090
2025-08-01,Air Fryer,10,3524.52,3080
2025-08-02,Air Fryer,18,3420.46,3062
2025-08-03,Air Fryer,19,3551.03,3043
2025-08-04,Air Fryer,13,3559.21,3030
2025-08-05,Air Fryer,12,3536.76,3018
2025-08-06,Air Fryer,16,3562.08,3002
2025-08-07,Air Fryer,9,3546.26,2993
2025-08-08,Air Fryer,17,3484.73,2976
2025-08-09,Air Fryer,15,3516.95,3336
2025-08-10,Air Fryer,17,3521.19,3319
2025-08-11,Air Fryer,14,3495.01,3305
2025-08-12,Air Fryer,14,3568.23,3291
2025-08-13,Air Fryer,20,3506.53,3271
2025-08-14,Air Fryer,17,3290.85,3254
2025-08-15,Air Fryer,14,3486.24,3240
2025-08-16,Air Fryer,14,3537.64,3226
2025-08-17,Air Fryer,15,3495.08,3211
2025-08-18,Air Fryer,14,3390.87,3197
2025-08-19,Air Fryer,12,3649.03,3185
2025-08-20,Air Fryer,16,3458.28,3169
2025-08-21,Air Fryer,16,3658.31,3153
2025-08-22,Air Fryer,19,3436.62,3134
2025-08-23,Air Fryer,16,3452.94,3493
2025-08-24,Air Fryer,16,3466.46,3477
2025-08-25,Air Fryer,12,3471.84,3465
2025-08-26,Air Fryer,14,3513.67,3451
2025-08-27,Air Fryer,16,3466.29,3435
2025-08-28,Air Fryer,15,3444.41,3420
2025-08-29,Air Fryer,15,3444.69,3405
2025-08-30,Air Fryer,18,3407.24,3387
2025-08-31,Air Fryer,13,3537.84,3374
2025-09-01,Air Fryer,18,3595.69,3356
2025-09-02,Air Fryer,16,3416.63,3340
2025-09-03,Air Fryer,12,3518.87,3328
2025-09-04,Air Fryer,16,3474.89,3312
2025-09-05,Air Fryer,15,3527.2,3297
2025-09-06,Air Fryer,16,3536.06,3656
2025-09-07,Air Fryer,16,3620.99,3640
2025-09-08,Air Fryer,20,2981.12,3620
2025-09-09,Air Fryer,16,3111.6,3604
2025-09-10,Air Fryer,22,2813.72,3582
2025-09-11,Air Fryer,23,2796.64,3559
2025-09-12,Air Fryer,16,3028.33,3543
2025-09-13,Air Fryer,16,3572.16,3527
2025-09-14,Air Fryer,15,3511.48,3512
2025-09-15,Air Fryer,14,3447.37,3498
2025-09-16,Air Fryer,18,3369.07,3480
2025-09-17,Air Fryer,12,3447.78,3468
2025-09-18,Air Fryer,15,3408.14,3453
2025-09-19,Air Fryer,12,3462.23,3441
2025-09-20,Air Fryer,17,3499.62,3799
2025-09-21,Air Fryer,18,3492.64,3781
2025-09-22,Air Fryer,12,3498.56,3769
2025-09-23,Air Fryer,13,3517.27,3756
2025-09-24,Air Fryer,16,3591.67,3740
2025-09-25,Air Fryer,16,3395.82,3724
2025-09-26,Air Fryer,22,2871.15,3702
2025-09-27,Air Fryer,27,2588.06,3675
2025-09-28,Air Fryer,22,2883.4,3653
2025-09-29,Air Fryer,20,2888.13,3633
2025-09-30,Air Fryer,13,3537.52,3620
2025-10-01,Air Fryer,18,3393.52,3602
2025-10-02,Air Fryer,12,3624.89,3590
2025-10-03,Air Fryer,16,3589.14,3574
2025-10-04,Air Fryer,18,3440.69,3931
2025-10-05,Air Fryer,18,3454.97,3913
2025-10-06,Air Fryer,17,3443.88,3896
2025-10-07,Air Fryer,16,3495.63,3880
2025-10-08,Air Fryer,19,3505.0,3861
2025-10-09,Air Fryer,17,3456.32,3844
2025-10-10,Air Fryer,16,3489.24,3828
2025-10-11,Air Fryer,19,3446.37,3809
2025-10-12,Air Fryer,17,3575.42,3792
2025-10-13,Air Fryer,19,3464.53,3773
2025-10-14,Air Fryer,25,3087.22,3748
2025-10-15,Air Fryer,24,2901.63,3724
2025-10-16,Air Fryer,24,3070.38,3700
2025-10-17,Air Fryer,29,2765.48,3671
2025-10-18,Air Fryer,22,3437.84,4024
2025-10-19,Air Fryer,20,3437.87,4004
2025-10-20,Air Fryer,21,3523.42,3983
2025-10-21,Air Fryer,17,3536.35,3966
2025-10-22,Air Fryer,15,3487.44,3951
2025-10-23,Air Fryer,15,3478.79,3936
2025-10-24,Air Fryer,17,3505.93,3919
2025-10-25,Air Fryer,24,3370.51,3895
2025-10-26,Air Fryer,18,3513.8,3877
2025-10-27,Air Fryer,20,3590.95,3857
2025-10-28,Air Fryer,17,3522.48,3840
2025-10-29,Air Fryer,20,3351.12,3820
2025-10-30,Air Fryer,18,3334.13,3802
2025-10-31,Air Fryer,19,3453.09,3783
2025-11-01,Air Fryer,23,3498.11,4135
2025-11-02,Air Fryer,25,3448.88,4110
2025-11-03,Air Fryer,19,3524.71,4091
2025-11-04,Air Fryer,23,3468.87,4068
2025-11-05,Air Fryer,15,3617.56,4053
2025-11-06,Air Fryer,20,3471.45,4033
2025-11-07,Air Fryer,22,3525.51,4011
2025-11-08,Air Fryer,23,3441.42,3988
2025-11-09,Air Fryer,20,3485.99,3968
2025-11-10,Air Fryer,23,3473.61,3945
2025-11-11,Air Fryer,20,3544.38,3925
2025-11-12,Air Fryer,24,3524.7,3901
2025-11-13,Air Fryer,20,3562.07,3881
2025-11-14,Air Fryer,21,3512.05,3860
2025-11-15,Air Fryer,24,3404.38,4211
2025-11-16,Air Fryer,26,3471.6,4185
2025-11-17,Air Fryer,22,3401.39,4163
2025-11-18,Air Fryer,23,3364.08,4140
2025-11-19,Air Fryer,25,2900.38,4115
2025-11-20,Air Fryer,28,2809.81,4087
2025-11-21,Air Fryer,28,2949.13,4059
2025-11-22,Air Fryer,32,2987.89,4027
2025-11-23,Air Fryer,23,3474.93,4004
2025-11-24,Air Fryer,23,3329.03,3981
2025-11-25,Air Fryer,16,3538.47,3965
2025-11-26,Air Fryer,22,3422.61,3943
2025-11-27,Air Fryer,22,3434.01,3921
2025-11-28,Air Fryer,22,3434.03,3899
2025-11-29,Air Fryer,37,2726.63,4237
2025-11-30,Air Fryer,29,3035.22,4208
2025-12-01,Air Fryer,31,3027.24,4177
2025-12-02,Air Fryer,26,3050.83,4151
2025-12-03,Air Fryer,25,3370.38,4126
2025-12-04,Air Fryer,26,3069.58,4100
2025-12-05,Air Fryer,30,2903.57,4070
2025-12-06,Air Fryer,35,2996.41,4035
2025-12-07,Air Fryer,36,2898.98,3999
2025-12-08,Air Fryer,21,3492.15,3978
2025-12-09,Air Fryer,22,3450.58,3956
2025-12-10,Air Fryer,20,3449.74,3936
2025-12-11,Air Fryer,19,3419.88,3917
2025-12-12,Air Fryer,20,3600.37,3897
2025-12-13,Air Fryer,28,3349.93,4244
2025-12-14,Air Fryer,26,3452.47,4218
2025-12-15,Air Fryer,23,3424.86,4195
2025-12-16,Air Fryer,20,3483.05,4175
2025-12-17,Air Fryer,33,3007.92,4142
2025-12-18,Air Fryer,31,2954.02,4111
2025-12-19,Air Fryer,32,3061.99,4079
2025-12-20,Air Fryer,47,2662.18,4032
2025-12-21,Air Fryer,39,2689.55,3993
2025-12-22,Air Fryer,23,3446.4,3970
2025-12-23,Air Fryer,21,3410.01,3949
2025-12-24,Air Fryer,26,3486.35,3923
2025-12-25,Air Fryer,20,3430.63,3903
2025-12-26,Air Fryer,20,3496.11,3883
2025-12-27,Air Fryer,26,3443.61,4232
2025-12-28,Air Fryer,24,3537.55,4208
2025-12-29,Air Fryer,25,3404.99,4183
2025-12-30,Air Fryer,25,3466.38,4158
2025-12-31,Air Fryer,22,3553.22,4136
2026-01-01,Air Fryer,13,3487.99,4123
2026-01-02,Air Fryer,13,3557.93,4110
2026-01-03,Air Fryer,20,3423.23,4090
2026-01-04,Air Fryer,32,2680.5,4058
2026-01-05,Air Fryer,24,2770.91,4034
2026-01-06,Air Fryer,20,3099.64,4014
2026-01-07,Air Fryer,25,2754.91,3989
2026-01-08,Air Fryer,16,3043.86,3973
2026-01-09,Air Fryer,17,3497.29,3956
2026-01-10,Air Fryer,18,3575.31,4313
2026-01-11,Air Fryer,17,3455.06,4296
2026-01-12,Air Fryer,16,3480.31,4280
2026-01-13,Air Fryer,13,3535.97,4267
2026-01-14,Air Fryer,17,3484.55,4250
2026-01-15,Air Fryer,14,3536.93,4236
2026-01-16,Air Fryer,20,3387.22,4216
2026-01-17,Air Fryer,16,3554.55,4200
2026-01-18,Air Fryer,17,3461.73,4183
2026-01-19,Air Fryer,17,3531.02,4166
2026-01-20,Air Fryer,19,3522.22,4147
2026-01-21,Air Fryer,16,3574.4,4131
2026-01-22,Air Fryer,20,3113.18,4111
2026-01-23,Air Fryer,15,2936.01,4096
2026-01-24,Air Fryer,22,3031.58,4449
2026-01-25,Air Fryer,18,3420.33,4431
2026-01-26,Air Fryer,14,3447.42,4417
2026-01-27,Air Fryer,25,2888.83,4392
2026-01-28,Air Fryer,21,2997.06,4371
2026-01-29,Air Fryer,16,3506.32,4355
2026-01-30,Air Fryer,23,2901.09,4332
2026-01-31,Air Fryer,21,2991.64,4311
2026-02-01,Air Fryer,23,3014.41,4288
2026-02-02,Air Fryer,21,3073.66,4267
2026-02-03,Air Fryer,21,3060.95,4246
2026-02-04,Air Fryer,14,3609.48,4232
2026-02-05,Air Fryer,14,3560.45,4218
2026-02-06,Air Fryer,18,3583.13,4200
2026-02-07,Air Fryer,15,3664.16,4560
2026-02-08,Air Fryer,20,3552.77,4540
2026-02-09,Air Fryer,18,3558.1,4522
2026-02-10,Air Fryer,11,3487.57,4511
2026-02-11,Air Fryer,15,3568.06,4496
2026-02-12,Air Fryer,22,3483.76,4474
2026-02-13,Air Fryer,18,3398.27,4456
2026-02-14,Air Fryer,18,3475.35,4438
2026-02-15,Air Fryer,17,3404.76,4421
2026-02-16,Air Fryer,19,3005.08,4402
2026-02-17,Air Fryer,27,2653.99,4375
2026-02-18,Air Fryer,20,3097.63,4355
2026-02-19,Air Fryer,25,2645.17,4330
2026-02-20,Air Fryer,29,2753.23,4301
2026-02-21,Air Fryer,19,3505.3,4657
2026-02-22,Air Fryer,32,2806.76,4625
2026-02-23,Air Fryer,30,2581.71,4595
2026-02-24,Air Fryer,21,2953.73,4574
2026-02-25,Air Fryer,26,2684.66,4548
2026-02-26,Air Fryer,18,3423.81,4530
2026-02-27,Air Fryer,15,3454.51,4515
2026-02-28,Air Fryer,16,3504.12,4499
2026-03-01,Air Fryer,15,3495.45,4484
2026-03-02,Air Fryer,17,3539.54,4467
2026-03-03,Air Fryer,13,3546.36,4454
2026-03-04,Air Fryer,19,3481.42,4435
2026-03-05,Air Fryer,19,3479.73,4416
2026-03-06,Air Fryer,20,3593.36,4396
2026-03-07,Air Fryer,23,3053.53,4748
2026-03-08,Air Fryer,32,2662.26,4716
2026-03-09,Air Fryer,23,2823.5,4693
2026-03-10,Air Fryer,17,3171.83,4676
2026-03-11,Air Fryer,19,3481.69,4657
2026-03-12,Air Fryer,16,3528.12,4641
2026-03-13,Air Fryer,18,3388.1,4623
2026-03-14,Air Fryer,16,3563.72,4607
2026-03-15,Air Fryer,16,3491.83,4591
2026-03-16,Air Fryer,16,3458.38,4575
2026-03-17,Air Fryer,12,3475.9,4563
2026-03-18,Air Fryer,17,3570.63,4546
2026-03-19,Air Fryer,16,3503.05,4530
2026-03-20,Air Fryer,19,3612.68,4511
2026-03-21,Air Fryer,15,3680.3,4871
2026-03-22,Air Fryer,18,3449.34,4853
2026-03-23,Air Fryer,14,3479.32,4839
2026-03-24,Air Fryer,17,3578.78,4822
2026-03-25,Air Fryer,24,2952.55,4798
2026-03-26,Air Fryer,26,2968.71,4772
2026-03-27,Air Fryer,18,3144.47,4754
2026-03-28,Air Fryer,25,2806.81,4729
2026-03-29,Air Fryer,22,3378.45,4707
2026-03-30,Air Fryer,13,3635.46,4694
2026-03-31,Air Fryer,12,3473.45,4682
2026-04-01,Air Fryer,13,3597.1,4669
2026-04-02,Air Fryer,16,3435.61,4653
2026-04-03,Air Fryer,12,3474.41,4641
2026-04-04,Air Fryer,24,2979.86,4992
2026-04-05,Air Fryer,36,2605.55,4956
2026-04-06,Air Fryer,23,2897.8,4933
2026-04-07,Air Fryer,14,3516.13,4919
2026-04-08,Air Fryer,22,3040.62,4897
2026-04-09,Air Fryer,14,3276.93,4883
2026-04-10,Air Fryer,15,3580.39,4868
2026-04-11,Air Fryer,16,3601.94,4852
2026-04-12,Air Fryer,19,3457.44,4833
2026-04-13,Air Fryer,17,3576.89,4816
2026-04-14,Air Fryer,13,3672.79,4803
2026-04-15,Air Fryer,20,3400.0,4783
2026-04-16,Air Fryer,14,3510.13,4769
2026-04-17,Air Fryer,26,2695.68,4743
2026-04-18,Air Fryer,22,3087.75,5096
2026-04-19,Air Fryer,34,2872.02,5062
2026-04-20,Air Fryer,19,3057.86,5043
2026-04-21,Air Fryer,14,3499.67,5029
2026-04-22,Air Fryer,19,3457.8,5010
2026-04-23,Air Fryer,16,3431.12,4994
2026-04-24,Air Fryer,16,3459.04,4978
2026-04-25,Air Fryer,18,3526.36,4960
2026-04-26,Air Fryer,16,3460.44,4944
2026-04-27,Air Fryer,18,3490.97,4926
2026-04-28,Air Fryer,17,3518.1,4909
2026-04-29,Air Fryer,20,3480.06,4889
2026-04-30,Air Fryer,18,3368.11,4871
2026-05-01,Air Fryer,14,3547.38,4857
2026-05-02,Air Fryer,25,2937.33,5207
2026-05-03,Air Fryer,25,2997.55,5182
2026-05-04,Air Fryer,26,2672.74,5156
2026-05-05,Air Fryer,25,2812.58,5131
2026-05-06,Air Fryer,24,2999.65,5107
2026-05-07,Air Fryer,17,3507.6,5090
2026-05-08,Air Fryer,24,2782.09,5066
2026-05-09,Air Fryer,27,2782.78,5039
2026-05-10,Air Fryer,14,3425.37,5025
2026-05-11,Air Fryer,13,3637.94,5012
2026-05-12,Air Fryer,15,3527.21,4997
2026-05-13,Air Fryer,20,3499.33,4977
2026-05-14,Air Fryer,13,3518.19,4964
2026-05-15,Air Fryer,19,3439.34,4945
2026-05-16,Air Fryer,17,3512.71,5303
2026-05-17,Air Fryer,19,3430.52,5284
2026-05-18,Air Fryer,15,3438.62,5269
2026-05-19,Air Fryer,19,3598.14,5250
2026-05-20,Air Fryer,18,3111.22,5232
2026-05-21,Air Fryer,21,2926.77,5211
2026-05-22,Air Fryer,26,2670.79,5185
2026-05-23,Air Fryer,20,3468.11,5165
2026-05-24,Air Fryer,17,3609.17,5148
2026-05-25,Air Fryer,13,3549.74,5135
2026-05-26,Air Fryer,16,3426.76,5119
2026-05-27,Air Fryer,17,3458.15,5102
2026-05-28,Air Fryer,18,3472.02,5084
2026-05-29,Air Fryer,14,3440.98,5070
2026-05-30,Air Fryer,21,3428.19,5424
2026-05-31,Air Fryer,13,3466.49,5411
2026-06-01,Air Fryer,16,3582.28,5395
2026-06-02,Air Fryer,16,3454.87,5379
2026-06-03,Air Fryer,16,3358.75,5363
2026-06-04,Air Fryer,17,3540.42,5346
2026-06-05,Air Fryer,15,3503.05,5331
2026-06-06,Air Fryer,16,3484.18,5315
2026-06-07,Air Fryer,18,3580.3,5297
2026-06-08,Air Fryer,14,3532.11,5283
2026-06-09,Air Fryer,17,3445.23,5266
2026-06-10,Air Fryer,19,3422.24,5247
2026-06-11,Air Fryer,17,3488.68,5230
2026-06-12,Air Fryer,16,3466.24,5214
2026-06-13,Air Fryer,16,3514.47,5573
2026-06-14,Air Fryer,18,3537.26,5555
2026-06-15,Air Fryer,13,3491.76,5542
2026-06-16,Air Fryer,25,2883.12,5517
2026-06-17,Air Fryer,24,2694.41,5493
2026-06-18,Air Fryer,28,2567.5,5465
2026-06-19,Air Fryer,14,3513.01,5451
2026-06-20,Air Fryer,18,3486.07,5433
2026-06-21,Air Fryer,18,3473.76,5415
2026-06-22,Air Fryer,16,3465.02,5399
2026-06-23,Air Fryer,18,3509.14,5381
2026-06-24,Air Fryer,13,3574.88,5368
2026-06-25,Air Fryer,16,3484.81,5352
2026-06-26,Air Fryer,17,3507.75,5335
2026-06-27,Air Fryer,19,3560.96,5691
2026-06-28,Air Fryer,19,3508.39,5672
2026-06-29,Air Fryer,16,3512.88,5656
2026-06-30,Air Fryer,12,3532.21,5644
2026-07-01,Air Fryer,13,3501.78,5631
2026-07-02,Air Fryer,13,3503.66,5618
2026-07-03,Air Fryer,21,3445.52,5597
2026-07-04,Air Fryer,16,3417.03,5581
2026-07-05,Air Fryer,14,3470.37,5567
2026-07-06,Air Fryer,25,2749.87,5542
2026-07-07,Air Fryer,20,2902.08,5522
2026-07-08,Air Fryer,28,2750.58,5494
2026-07-09,Air Fryer,20,2930.74,5474
2026-07-10,Air Fryer,25,2880.63,5449
2026-07-11,Air Fryer,17,3481.94,5807
2026-07-12,Air Fryer,18,3382.59,5789
2026-07-13,Air Fryer,14,3478.4,5775
2026-07-14,Air Fryer,15,3514.79,5760
2026-07-15,Air Fryer,13,3524.94,5747
2026-07-16,Air Fryer,14,3484.57,5733
2026-07-17,Air Fryer,19,3482.11,5714
2026-07-18,Air Fryer,20,3418.91,5694
2026-07-19,Air Fryer,27,2939.23,5667
2026-07-20,Air Fryer,20,2854.81,5647
2026-07-21,Air Fryer,18,3478.5,5629
2026-07-22,Air Fryer,13,3657.96,5616
2026-07-23,Air Fryer,10,3632.32,5606
2026-07-24,Air Fryer,10,3594.94,5596
2026-07-25,Air Fryer,13,3555.92,5958
2026-07-26,Air Fryer,21,3535.86,5937
2026-07-27,Air Fryer,18,3524.48,5919
2026-07-28,Air Fryer,12,3466.8,5907
2026-07-29,Air Fryer,15,3496.2,5892
2026-07-30,Air Fryer,15,3483.64,5877
2026-07-31,Air Fryer,14,3612.84,5863
2026-08-01,Air Fryer,20,3371.77,5843
2026-08-02,Air Fryer,19,3559.66,5824
2026-08-03,Air Fryer,17,3537.76,5807
2026-08-04,Air Fryer,14,3352.3,5793
2026-08-05,Air Fryer,15,3535.63,5778
2026-08-06,Air Fryer,17,3477.95,5761
2026-08-07,Air Fryer,14,3509.24,5747
2026-08-08,Air Fryer,17,3497.81,6105
2026-08-09,Air Fryer,23,2959.96,6082
2026-08-10,Air Fryer,23,2768.12,6059
2026-08-11,Air Fryer,11,3533.78,6048
2026-08-12,Air Fryer,13,3548.72,6035
2026-08-13,Air Fryer,11,3574.38,6024
2026-08-14,Air Fryer,19,3456.09,6005
2026-08-15,Air Fryer,14,3609.62,5991
2026-08-16,Air Fryer,18,3555.32,5973
2026-08-17,Air Fryer,15,3464.89,5958
2026-08-18,Air Fryer,16,3449.65,5942
2026-08-19,Air Fryer,15,3513.41,5927
2026-08-20,Air Fryer,15,3480.76,5912
2026-08-21,Air Fryer,16,3609.06,5896
2026-08-22,Air Fryer,15,3445.6,6256
2026-08-23,Air Fryer,18,3428.33,6238
2024-08-24,Office Chair,8,5961.65,232
2024-08-25,Office Chair,8,5933.43,224
2024-08-26,Office Chair,7,5997.91,217
2024-08-27,Office Chair,7,6079.14,210
2024-08-28,Office Chair,9,5846.49,201
2024-08-29,Office Chair,7,5993.24,194
2024-08-30,Office Chair,7,5799.03,187
2024-08-31,Office Chair,7,5883.67,180
2024-09-01,Office Chair,8,5952.83,172
2024-09-02,Office Chair,9,6122.89,163
2024-09-03,Office Chair,7,5804.04,156
2024-09-04,Office Chair,9,5944.53,147
2024-09-05,Office Chair,9,6188.47,138
2024-09-06,Office Chair,8,5949.58,130
2024-09-07,Office Chair,11,5818.32,319
2024-09-08,Office Chair,10,5957.6,309
2024-09-09,Office Chair,9,5778.46,300
2024-09-10,Office Chair,8,5975.51,292
2024-09-11,Office Chair,8,6100.79,284
2024-09-12,Office Chair,8,5904.13,276
2024-09-13,Office Chair,6,6186.43,270
2024-09-14,Office Chair,13,4561.04,257
2024-09-15,Office Chair,12,4683.89,245
2024-09-16,Office Chair,11,5004.37,234
2024-09-17,Office Chair,6,6108.05,228
2024-09-18,Office Chair,8,6055.97,220
2024-09-19,Office Chair,6,6088.88,214
2024-09-20,Office Chair,6,6062.52,208
2024-09-21,Office Chair,9,5933.44,399
2024-09-22,Office Chair,7,5861.56,392
2024-09-23,Office Chair,8,6033.34,384
2024-09-24,Office Chair,9,5306.19,375
2024-09-25,Office Chair,8,5366.72,367
2024-09-26,Office Chair,11,4788.87,356
2024-09-27,Office Chair,8,5097.57,348
2024-09-28,Office Chair,10,5860.39,338
2024-09-29,Office Chair,12,5113.07,326
2024-09-30,Office Chair,7,4997.84,319
2024-10-01,Office Chair,13,4501.03,306
2024-10-02,Office Chair,13,4602.18,293
2024-10-03,Office Chair,7,5925.62,286
2024-10-04,Office Chair,13,5932.99,273
2024-10-05,Office Chair,13,5200.49,460
2024-10-06,Office Chair,13,5332.11,447
2024-10-07,Office Chair,10,5396.2,437
2024-10-08,Office Chair,9,5858.03,428
2024-10-09,Office Chair,10,5773.91,418
2024-10-10,Office Chair,9,5843.43,409
2024-10-11,Office Chair,9,6230.57,400
2024-10-12,Office Chair,8,5984.86,392
2024-10-13,Office Chair,10,5920.03,382
2024-10-14,Office Chair,10,6007.73,372
2024-10-15,Office Chair,11,6189.31,361
2024-10-16,Office Chair,7,5855.79,354
2024-10-17,Office Chair,9,5915.84,345
2024-10-18,Office Chair,7,6044.9,338
2024-10-19,Office Chair,12,5999.16,526
2024-10-20,Office Chair,8,5904.02,518
2024-10-21,Office Chair,8,5910.7,510
2024-10-22,Office Chair,8,5826.34,502
2024-10-23,Office Chair,11,5137.81,491
2024-10-24,Office Chair,11,5333.14,480
2024-10-25,Office Chair,11,5125.83,469
2024-10-26,Office Chair,14,5478.56,455
2024-10-27,Office Chair,10,5737.72,445
2024-10-28,Office Chair,10,6108.42,435
2024-10-29,Office Chair,11,5769.05,424
2024-10-30,Office Chair,12,5919.97,412
2024-10-31,Office Chair,10,5735.91,402
2024-11-01,Office Chair,14,5313.65,388
2024-11-02,Office Chair,17,4602.26,571
2024-11-03,Office Chair,14,5316.44,557
2024-11-04,Office Chair,11,4850.79,546
2024-11-05,Office Chair,8,6027.69,538
2024-11-06,Office Chair,9,5786.45,529
2024-11-07,Office Chair,10,5972.33,519
2024-11-08,Office Chair,11,5920.31,508
2024-11-09,Office Chair,13,6097.7,495
2024-11-10,Office Chair,12,5776.77,483
2024-11-11,Office Chair,9,5905.84,474
2024-11-12,Office Chair,9,6290.59,465
2024-11-13,Office Chair,12,5841.58,453
2024-11-14,Office Chair,12,6095.67,441
2024-11-15,Office Chair,13,5962.72,428
2024-11-16,Office Chair,13,5732.74,615
2024-11-17,Office Chair,12,6106.76,603
2024-11-18,Office Chair,11,6031.25,592
2024-11-19,Office Chair,12,6068.05,580
2024-11-20,Office Chair,12,6001.75,568
2024-11-21,Office Chair,10,6108.79,558
2024-11-22,Office Chair,10,6029.72,548
2024-11-23,Office Chair,14,5909.13,534
2024-11-24,Office Chair,12,5821.38,522
2024-11-25,Office Chair,10,6068.3,512
2024-11-26,Office Chair,11,6175.49,501
2024-11-27,Office Chair,10,6027.43,491
2024-11-28,Office Chair,11,5929.71,480
2024-11-29,Office Chair,11,5823.71,469
2024-11-30,Office Chair,16,5218.27,653
2024-12-01,Office Chair,17,4624.97,636
2024-12-02,Office Chair,15,4784.1,621
2024-12-03,Office Chair,12,6069.29,609
2024-12-04,Office Chair,12,6154.27,597
2024-12-05,Office Chair,11,6145.87,586
2024-12-06,Office Chair,11,6041.96,575
2024-12-07,Office Chair,13,6021.47,562
2024-12-08,Office Chair,12,6062.25,550
2024-12-09,Office Chair,11,6056.79,539
2024-12-10,Office Chair,12,6023.58,527
2024-12-11,Office Chair,13,4943.09,514
2024-12-12,Office Chair,15,4757.35,499
2024-12-13,Office Chair,13,4890.48,486
2024-12-14,Office Chair,16,4537.89,670
2024-12-15,Office Chair,15,5382.52,655
2024-12-16,Office Chair,11,6154.91,644
2024-12-17,Office Chair,9,5944.26,635
2024-12-18,Office Chair,12,6203.92,623
2024-12-19,Office Chair,13,6038.46,610
2024-12-20,Office Chair,10,6314.11,600
2024-12-21,Office Chair,12,6090.42,588
2024-12-22,Office Chair,13,6121.15,575
2024-12-23,Office Chair,13,5802.72,562
2024-12-24,Office Chair,12,5991.33,550
2024-12-25,Office Chair,11,5927.98,539
2024-12-26,Office Chair,12,6260.62,527
2024-12-27,Office Chair,10,6243.31,517
2024-12-28,Office Chair,11,6106.67,706
2024-12-29,Office Chair,14,5930.21,692
2024-12-30,Office Chair,11,5989.73,681
2024-12-31,Office Chair,12,6035.17,669
2025-01-01,Office Chair,8,6219.27,661
2025-01-02,Office Chair,7,5769.96,654
2025-01-03,Office Chair,7,5986.0,647
2025-01-04,Office Chair,8,5930.79,639
2025-01-05,Office Chair,8,6163.3,631
2025-01-06,Office Chair,9,5104.73,622
2025-01-07,Office Chair,9,5216.76,613
2025-01-08,Office Chair,8,6003.33,605
2025-01-09,Office Chair,7,6237.31,598
2025-01-10,Office Chair,9,5950.79,589
2025-01-11,Office Chair,8,6198.61,781
2025-01-12,Office Chair,10,6064.95,771
2025-01-13,Office Chair,9,5976.56,762
2025-01-14,Office Chair,8,6186.86,754
2025-01-15,Office Chair,7,5703.87,747
2025-01-16,Office Chair,9,5866.89,738
2025-01-17,Office Chair,8,5938.85,730
2025-01-18,Office Chair,10,5926.02,720
2025-01-19,Office Chair,10,6107.38,710
2025-01-20,Office Chair,8,5795.48,702
2025-01-21,Office Chair,7,6033.32,695
2025-01-22,Office Chair,7,6000.63,688
2025-01-23,Office Chair,9,6230.39,679
2025-01-24,Office Chair,8,5874.03,671
2025-01-25,Office Chair,9,6021.12,862
2025-01-26,Office Chair,9,5955.32,853
2025-01-27,Office Chair,6,6132.56,847
2025-01-28,Office Chair,8,6164.58,839
2025-01-29,Office Chair,7,6109.89,832
2025-01-30,Office Chair,6,5874.24,826
2025-01-31,Office Chair,7,5953.86,819
2025-02-01,Office Chair,12,5243.46,807
2025-02-02,Office Chair,10,5029.78,797
2025-02-03,Office Chair,7,6194.15,790
2025-02-04,Office Chair,7,6063.41,783
2025-02-05,Office Chair,10,4810.98,773
2025-02-06,Office Chair,11,4760.0,762
2025-02-07,Office Chair,9,4803.17,753
2025-02-08,Office Chair,12,5071.07,941
2025-02-09,Office Chair,11,6028.87,930
2025-02-10,Office Chair,8,5909.05,922
2025-02-11,Office Chair,9,5797.21,913
2025-02-12,Office Chair,9,5793.59,904
2025-02-13,Office Chair,7,6033.52,897
2025-02-14,Office Chair,10,5833.6,887
2025-02-15,Office Chair,12,5939.06,875
2025-02-16,Office Chair,11,6040.08,864
2025-02-17,Office Chair,8,5839.24,856
2025-02-18,Office Chair,7,6230.44,849
2025-02-19,Office Chair,9,6049.34,840
2025-02-20,Office Chair,8,5897.45,832
2025-02-21,Office Chair,8,6150.45,824
2025-02-22,Office Chair,12,5875.91,1012
2025-02-23,Office Chair,9,6128.31,1003
2025-02-24,Office Chair,6,5818.99,997
2025-02-25,Office Chair,9,6008.37,988
2025-02-26,Office Chair,10,5890.65,978
2025-02-27,Office Chair,9,5924.46,969
2025-02-28,Office Chair,11,5984.54,958
2025-03-01,Office Chair,10,6147.86,948
2025-03-02,Office Chair,10,6163.61,938
2025-03-03,Office Chair,5,5360.14,933
2025-03-04,Office Chair,9,5418.45,924
2025-03-05,Office Chair,9,6072.16,915
2025-03-06,Office Chair,10,5966.85,905
2025-03-07,Office Chair,9,6064.09,896
2025-03-08,Office Chair,9,6121.58,1087
2025-03-09,Office Chair,12,6019.88,1075
2025-03-10,Office Chair,11,5923.94,1064
2025-03-11,Office Chair,7,6075.47,1057
2025-03-12,Office Chair,7,6029.33,1050
2025-03-13,Office Chair,8,5913.34,1042
2025-03-14,Office Chair,9,5908.88,1033
2025-03-15,Office Chair,8,5879.46,1025
2025-03-16,Office Chair,10,6062.82,1015
2025-03-17,Office Chair,9,6187.69,1006
2025-03-18,Office Chair,6,6371.02,1000
2025-03-19,Office Chair,9,5998.11,991
2025-03-20,Office Chair,8,6083.42,983
2025-03-21,Office Chair,8,5933.86,975
2025-03-22,Office Chair,9,5940.6,1166
2025-03-23,Office Chair,11,5975.15,1155
2025-03-24,Office Chair,9,5862.66,1146
2025-03-25,Office Chair,10,5895.22,1136
2025-03-26,Office Chair,10,5923.67,1126
2025-03-27,Office Chair,9,6248.11,1117
2025-03-28,Office Chair,7,6116.11,1110
2025-03-29,Office Chair,10,5901.8,1100
2025-03-30,Office Chair,12,5986.05,1088
2025-03-31,Office Chair,6,6177.98,1082
2025-04-01,Office Chair,10,5934.68,1072
2025-04-02,Office Chair,7,5748.47,1065
2025-04-03,Office Chair,9,6111.07,1056
2025-04-04,Office Chair,9,5933.19,1047
2025-04-05,Office Chair,9,5903.38,1238
2025-04-06,Office Chair,9,6043.69,1229
2025-04-07,Office Chair,9,6011.25,1220
2025-04-08,Office Chair,9,6072.73,1211
2025-04-09,Office Chair,8,6071.13,1203
2025-04-10,Office Chair,7,6006.83,1196
2025-04-11,Office Chair,12,4531.54,1184
2025-04-12,Office Chair,11,5111.75,1173
2025-04-13,Office Chair,10,6060.45,1163
2025-04-14,Office Chair,8,6159.55,1155
2025-04-15,Office Chair,10,6168.96,1145
2025-04-16,Office Chair,7,5962.69,1138
2025-04-17,Office Chair,11,5111.03,1127
2025-04-18,Office Chair,12,4770.37,1115
2025-04-19,Office Chair,14,5060.76,1301
2025-04-20,Office Chair,13,4705.29,1288
2025-04-21,Office Chair,9,5899.96,1279
2025-04-22,Office Chair,9,6148.7,1270
2025-04-23,Office Chair,9,5838.71,1261
2025-04-24,Office Chair,13,4687.06,1248
2025-04-25,Office Chair,10,5590.69,1238
2025-04-26,Office Chair,14,5503.52,1224
2025-04-27,Office Chair,9,5886.17,1215
2025-04-28,Office Chair,9,6186.49,1206
2025-04-29,Office Chair,13,4778.93,1193
2025-04-30,Office Chair,11,4908.74,1182
2025-05-01,Office Chair,11,4547.57,1171
2025-05-02,Office Chair,9,6058.28,1162
2025-05-03,Office Chair,9,6078.97,1353
2025-05-04,Office Chair,11,6106.06,1342
2025-05-05,Office Chair,9,5983.93,1333
2025-05-06,Office Chair,7,5861.13,1326
2025-05-07,Office Chair,8,5986.03,1318
2025-05-08,Office Chair,8,6016.92,1310
2025-05-09,Office Chair,8,6240.52,1302
2025-05-10,Office Chair,9,6076.59,1293
2025-05-11,Office Chair,9,5895.63,1284
2025-05-12,Office Chair,9,6095.48,1275
2025-05-13,Office Chair,9,6079.91,1266
2025-05-14,Office Chair,8,5874.53,1258
2025-05-15,Office Chair,8,5691.74,1250
2025-05-16,Office Chair,8,6043.22,1242
2025-05-17,Office Chair,10,5764.63,1432
2025-05-18,Office Chair,7,5984.47,1425
2025-05-19,Office Chair,8,6152.49,1417
2025-05-20,Office Chair,6,6283.07,1411
2025-05-21,Office Chair,9,5178.46,1402
2025-05-22,Office Chair,10,5156.15,1392
2025-05-23,Office Chair,11,5023.63,1381
2025-05-24,Office Chair,12,5115.93,1369
2025-05-25,Office Chair,9,6010.78,1360
2025-05-26,Office Chair,8,6266.37,1352
2025-05-27,Office Chair,7,6029.7,1345
2025-05-28,Office Chair,8,6051.93,1337
2025-05-29,Office Chair,7,6001.28,1330
2025-05-30,Office Chair,9,6027.43,1321
2025-05-31,Office Chair,9,5985.9,1512
2025-06-01,Office Chair,10,6042.59,1502
2025-06-02,Office Chair,9,5988.11,1493
2025-06-03,Office Chair,9,6296.48,1484
2025-06-04,Office Chair,9,6021.22,1475
2025-06-05,Office Chair,7,5819.61,1468
2025-06-06,Office Chair,7,5788.48,1461
2025-06-07,Office Chair,10,4962.51,1451
2025-06-08,Office Chair,12,4833.08,1439
2025-06-09,Office Chair,11,4627.0,1428
2025-06-10,Office Chair,9,5760.31,1419
2025-06-11,Office Chair,7,5936.92,1412
2025-06-12,Office Chair,8,6056.65,1404
2025-06-13,Office Chair,8,6083.56,1396
2025-06-14,Office Chair,9,6004.84,1587
2025-06-15,Office Chair,10,5891.25,1577
2025-06-16,Office Chair,8,6036.07,1569
2025-06-17,Office Chair,11,5726.6,1558
2025-06-18,Office Chair,9,5928.92,1549
2025-06-19,Office Chair,7,5959.26,1542
2025-06-20,Office Chair,7,5746.44,1535
2025-06-21,Office Chair,11,5967.72,1524
2025-06-22,Office Chair,10,6063.18,1514
2025-06-23,Office Chair,8,5963.18,1506
2025-06-24,Office Chair,10,6143.45,1496
2025-06-25,Office Chair,8,5740.86,1488
2025-06-26,Office Chair,6,6054.56,1482
2025-06-27,Office Chair,7,6155.79,1475
2025-06-28,Office Chair,10,5866.59,1665
2025-06-29,Office Chair,8,6027.99,1657
2025-06-30,Office Chair,8,6169.9,1649
2025-07-01,Office Chair,10,5936.45,1639
2025-07-02,Office Chair,7,6136.59,1632
2025-07-03,Office Chair,7,6047.26,1625
2025-07-04,Office Chair,9,5928.98,1616
2025-07-05,Office Chair,9,6067.62,1607
2025-07-06,Office Chair,9,6052.93,1598
2025-07-07,Office Chair,9,6064.24,1589
2025-07-08,Office Chair,10,4635.21,1579
2025-07-09,Office Chair,9,5309.86,1570
2025-07-10,Office Chair,9,5149.6,1561
2025-07-11,Office Chair,10,5245.75,1551
2025-07-12,Office Chair,10,5698.64,1741
2025-07-13,Office Chair,9,5958.26,1732
2025-07-14,Office Chair,7,5659.33,1725
2025-07-15,Office Chair,8,5612.07,1717
2025-07-16,Office Chair,10,5969.89,1707
2025-07-17,Office Chair,9,5986.1,1698
2025-07-18,Office Chair,9,5973.21,1689
2025-07-19,Office Chair,9,6033.63,1680
2025-07-20,Office Chair,8,6109.04,1672
2025-07-21,Office Chair,10,5873.36,1662
2025-07-22,Office Chair,9,5882.8,1653
2025-07-23,Office Chair,7,6003.01,1646
2025-07-24,Office Chair,8,6111.95,1638
2025-07-25,Office Chair,8,5870.85,1630
2025-07-26,Office Chair,11,5918.08,1819
2025-07-27,Office Chair,8,5923.94,1811
2025-07-28,Office Chair,9,5959.18,1802
2025-07-29,Office Chair,9,6003.21,1793
2025-07-30,Office Chair,8,6005.99,1785
2025-07-31,Office Chair,7,6057.5,1778
2025-08-01,Office Chair,11,4778.24,1767
2025-08-02,Office Chair,12,4675.82,1755
2025-08-03,Office Chair,9,5976.89,1746
2025-08-04,Office Chair,9,5836.55,1737
2025-08-05,Office Chair,7,5971.09,1730
2025-08-06,Office Chair,10,6029.32,1720
2025-08-07,Office Chair,5,6104.17,1715
2025-08-08,Office Chair,11,5753.9,1704
2025-08-09,Office Chair,10,6153.82,1894
2025-08-10,Office Chair,8,5955.84,1886
2025-08-11,Office Chair,7,5948.19,1879
2025-08-12,Office Chair,8,5891.36,1871
2025-08-13,Office Chair,7,5921.92,1864
2025-08-14,Office Chair,7,5974.5,1857
2025-08-15,Office Chair,6,6053.53,1851
2025-08-16,Office Chair,7,6029.69,1844
2025-08-17,Office Chair,8,6174.27,1836
2025-08-18,Office Chair,6,6026.36,1830
2025-08-19,Office Chair,10,5942.79,1820
2025-08-20,Office Chair,9,5985.54,1811
2025-08-21,Office Chair,9,6031.65,1802
2025-08-22,Office Chair,11,4638.61,1791
2025-08-23,Office Chair,11,4887.13,1980
2025-08-24,Office Chair,16,4590.32,1964
2025-08-25,Office Chair,8,6062.22,1956
2025-08-26,Office Chair,7,5827.27,1949
2025-08-27,Office Chair,7,6077.99,1942
2025-08-28,Office Chair,7,5937.13,1935
2025-08-29,Office Chair,6,5976.41,1929
2025-08-30,Office Chair,7,6030.72,1922
2025-08-31,Office Chair,9,6144.05,1913
2025-09-01,Office Chair,6,5935.55,1907
2025-09-02,Office Chair,7,6036.29,1900
2025-09-03,Office Chair,5,6094.06,1895
2025-09-04,Office Chair,10,5880.94,1885
2025-09-05,Office Chair,7,6193.81,1878
2025-09-06,Office Chair,9,5849.32,2069
2025-09-07,Office Chair,11,5970.84,2058
2025-09-08,Office Chair,9,5038.59,2049
2025-09-09,Office Chair,9,4983.38,2040
2025-09-10,Office Chair,8,5406.71,2032
2025-09-11,Office Chair,9,5210.14,2023
2025-09-12,Office Chair,10,4883.05,2013
2025-09-13,Office Chair,6,6071.72,2007
2025-09-14,Office Chair,10,6033.53,1997
2025-09-15,Office Chair,8,6173.96,1989
2025-09-16,Office Chair,8,5982.2,1981
2025-09-17,Office Chair,6,6182.72,1975
2025-09-18,Office Chair,7,6087.24,1968
2025-09-19,Office Chair,9,5989.87,1959
2025-09-20,Office Chair,12,4980.3,2147
2025-09-21,Office Chair,13,5343.29,2134
2025-09-22,Office Chair,9,5349.31,2125
2025-09-23,Office Chair,8,4866.28,2117
2025-09-24,Office Chair,9,5069.67,2108
2025-09-25,Office Chair,6,5867.1,2102
2025-09-26,Office Chair,7,6038.01,2095
2025-09-27,Office Chair,9,6261.66,2086
2025-09-28,Office Chair,6,6317.22,2080
2025-09-29,Office Chair,7,5863.01,2073
2025-09-30,Office Chair,8,5750.52,2065
2025-10-01,Office Chair,8,5897.83,2057
2025-10-02,Office Chair,8,5958.41,2049
2025-10-03,Office Chair,10,6061.29,2039
2025-10-04,Office Chair,11,5887.75,2228
2025-10-05,Office Chair,12,6020.44,2216
2025-10-06,Office Chair,10,5853.39,2206
2025-10-07,Office Chair,10,5980.98,2196
2025-10-08,Office Chair,9,6003.26,2187
2025-10-09,Office Chair,10,6143.04,2177
2025-10-10,Office Chair,12,5008.72,2165
2025-10-11,Office Chair,12,4931.16,2153
2025-10-12,Office Chair,12,5434.44,2141
2025-10-13,Office Chair,9,4894.0,2132
2025-10-14,Office Chair,12,4533.86,2120
2025-10-15,Office Chair,10,6033.72,2110
2025-10-16,Office Chair,8,6168.04,2102
2025-10-17,Office Chair,10,5992.88,2092
2025-10-18,Office Chair,8,6015.03,2284
2025-10-19,Office Chair,8,6130.49,2276
2025-10-20,Office Chair,10,5195.76,2266
2025-10-21,Office Chair,12,4919.97,2254
2025-10-22,Office Chair,12,4893.13,2242
2025-10-23,Office Chair,9,5918.15,2233
2025-10-24,Office Chair,8,5987.53,2225
2025-10-25,Office Chair,10,6014.25,2215
2025-10-26,Office Chair,12,5804.69,2203
2025-10-27,Office Chair,9,6004.55,2194
2025-10-28,Office Chair,11,6019.58,2183
2025-10-29,Office Chair,9,6170.02,2174
2025-10-30,Office Chair,10,6145.21,2164
2025-10-31,Office Chair,9,5959.65,2155
2025-11-01,Office Chair,11,6160.48,2344
2025-11-02,Office Chair,15,5182.28,2329
2025-11-03,Office Chair,14,5305.5,2315
2025-11-04,Office Chair,13,5025.58,2302
2025-11-05,Office Chair,13,5750.23,2289
2025-11-06,Office Chair,9,5947.62,2280
2025-11-07,Office Chair,9,6288.81,2271
2025-11-08,Office Chair,10,6031.14,2261
2025-11-09,Office Chair,12,6118.38,2249
2025-11-10,Office Chair,10,6001.2,2239
2025-11-11,Office Chair,12,5052.5,2227
2025-11-12,Office Chair,16,4550.06,2211
2025-11-13,Office Chair,9,5887.14,2202
2025-11-14,Office Chair,9,6257.59,2193
2025-11-15,Office Chair,12,6009.64,2381
2025-11-16,Office Chair,12,6137.59,2369
2025-11-17,Office Chair,11,6069.71,2358
2025-11-18,Office Chair,13,6158.7,2345
2025-11-19,Office Chair,12,5918.68,2333
2025-11-20,Office Chair,9,6229.4,2324
2025-11-21,Office Chair,14,5088.4,2310
2025-11-22,Office Chair,16,4942.45,2294
2025-11-23,Office Chair,14,5322.55,2280
2025-11-24,Office Chair,11,6040.07,2269
2025-11-25,Office Chair,10,6265.57,2259
2025-11-26,Office Chair,12,4876.64,2247
2025-11-27,Office Chair,11,4905.18,2236
2025-11-28,Office Chair,15,5017.5,2221
2025-11-29,Office Chair,15,4854.83,2406
2025-11-30,Office Chair,14,6105.17,2392
2025-12-01,Office Chair,10,6049.69,2382
2025-12-02,Office Chair,11,6212.66,2371
2025-12-03,Office Chair,17,4658.07,2354
2025-12-04,Office Chair,16,4600.0,2338
2025-12-05,Office Chair,11,5895.33,2327
2025-12-06,Office Chair,15,5976.63,2312
2025-12-07,Office Chair,13,6099.38,2299
2025-12-08,Office Chair,10,6025.4,2289
2025-12-09,Office Chair,12,5806.3,2277
2025-12-10,Office Chair,12,5997.86,2265
2025-12-11,Office Chair,12,5991.72,2253
2025-12-12,Office Chair,13,6028.46,2240
2025-12-13,Office Chair,13,5935.49,2427
2025-12-14,Office Chair,12,5868.0,2415
2025-12-15,Office Chair,10,5946.31,2405
2025-12-16,Office Chair,10,5872.59,2395
2025-12-17,Office Chair,11,5924.67,2384
2025-12-18,Office Chair,11,6084.7,2373
2025-12-19,Office Chair,14,5925.91,2359
2025-12-20,Office Chair,16,5808.82,2343
2025-12-21,Office Chair,14,6039.96,2329
2025-12-22,Office Chair,10,6034.97,2319
2025-12-23,Office Chair,13,6078.27,2306
2025-12-24,Office Chair,10,6038.65,2296
2025-12-25,Office Chair,12,5876.84,2284
2025-12-26,Office Chair,13,5947.33,2271
2025-12-27,Office Chair,12,6060.58,2459
2025-12-28,Office Chair,13,5906.67,2446
2025-12-29,Office Chair,11,6220.28,2435
2025-12-30,Office Chair,12,6166.38,2423
2025-12-31,Office Chair,11,5946.54,2412
2026-01-01,Office Chair,6,6005.22,2406
2026-01-02,Office Chair,8,6143.72,2398
2026-01-03,Office Chair,8,5880.09,2390
2026-01-04,Office Chair,7,5990.4,2383
2026-01-05,Office Chair,10,4692.26,2373
2026-01-06,Office Chair,10,5195.89,2363
2026-01-07,Office Chair,12,4641.46,2351
2026-01-08,Office Chair,12,4760.77,2339
2026-01-09,Office Chair,6,6168.72,2333
2026-01-10,Office Chair,11,6099.7,2522
2026-01-11,Office Chair,11,5903.52,2511
2026-01-12,Office Chair,9,6124.31,2502
2026-01-13,Office Chair,9,6064.99,2493
2026-01-14,Office Chair,6,5969.45,2487
2026-01-15,Office Chair,7,6024.05,2480
2026-01-16,Office Chair,12,4782.77,2468
2026-01-17,Office Chair,14,4892.37,2454
2026-01-18,Office Chair,8,5319.54,2446
2026-01-19,Office Chair,10,5211.58,2436
2026-01-20,Office Chair,11,4733.79,2425
2026-01-21,Office Chair,8,5968.5,2417
2026-01-22,Office Chair,8,6166.62,2409
2026-01-23,Office Chair,9,6043.77,2400
2026-01-24,Office Chair,11,6197.29,2589
2026-01-25,Office Chair,9,6262.02,2580
2026-01-26,Office Chair,9,5739.93,2571
2026-01-27,Office Chair,7,6047.98,2564
2026-01-28,Office Chair,11,6065.18,2553
2026-01-29,Office Chair,6,6184.87,2547
2026-01-30,Office Chair,8,5923.22,2539
2026-01-31,Office Chair,12,4910.27,2527
2026-02-01,Office Chair,13,4898.59,2514
2026-02-02,Office Chair,10,5072.74,2504
2026-02-03,Office Chair,9,5306.9,2495
2026-02-04,Office Chair,10,4779.35,2485
2026-02-05,Office Chair,8,6057.42,2477
2026-02-06,Office Chair,7,5932.19,2470
2026-02-07,Office Chair,9,6005.82,2661
2026-02-08,Office Chair,11,6028.34,2650
2026-02-09,Office Chair,6,5925.54,2644
2026-02-10,Office Chair,8,5918.47,2636
2026-02-11,Office Chair,11,6115.45,2625
2026-02-12,Office Chair,10,6190.66,2615
2026-02-13,Office Chair,10,6055.82,2605
2026-02-14,Office Chair,9,5982.64,2596
2026-02-15,Office Chair,9,6007.46,2587
2026-02-16,Office Chair,6,6049.65,2581
2026-02-17,Office Chair,8,6057.02,2573
2026-02-18,Office Chair,9,5856.2,2564
2026-02-19,Office Chair,9,6030.42,2555
2026-02-20,Office Chair,10,5816.74,2545
2026-02-21,Office Chair,10,5934.77,2735
2026-02-22,Office Chair,9,6135.62,2726
2026-02-23,Office Chair,8,5840.96,2718
2026-02-24,Office Chair,10,5065.51,2708
2026-02-25,Office Chair,13,4554.23,2695
2026-02-26,Office Chair,10,4854.23,2685
2026-02-27,Office Chair,10,6189.75,2675
2026-02-28,Office Chair,9,5951.6,2666
2026-03-01,Office Chair,10,5998.93,2656
2026-03-02,Office Chair,8,6274.17,2648
2026-03-03,Office Chair,8,5923.86,2640
2026-03-04,Office Chair,8,5998.65,2632
2026-03-05,Office Chair,9,6026.26,2623
2026-03-06,Office Chair,8,6026.75,2615
2026-03-07,Office Chair,9,6037.71,2806
2026-03-08,Office Chair,10,5985.89,2796
2026-03-09,Office Chair,9,5931.95,2787
2026-03-10,Office Chair,7,6213.03,2780
2026-03-11,Office Chair,10,5769.94,2770
2026-03-12,Office Chair,9,5880.9,2761
2026-03-13,Office Chair,8,5908.01,2753
2026-03-14,Office Chair,10,5887.07,2743
2026-03-15,Office Chair,10,6097.37,2733
2026-03-16,Office Chair,7,6124.39,2726
2026-03-17,Office Chair,9,5886.35,2717
2026-03-18,Office Chair,8,6014.26,2709
2026-03-19,Office Chair,11,5144.34,2698
2026-03-20,Office Chair,11,5005.23,2687
2026-03-21,Office Chair,14,4877.65,2873
2026-03-22,Office Chair,9,5988.01,2864
2026-03-23,Office Chair,6,6208.79,2858
2026-03-24,Office Chair,8,6113.29,2850
2026-03-25,Office Chair,9,6114.76,2841
2026-03-26,Office Chair,8,5925.52,2833
2026-03-27,Office Chair,10,5841.59,2823
2026-03-28,Office Chair,10,5970.69,2813
2026-03-29,Office Chair,11,6233.63,2802
2026-03-30,Office Chair,14,4717.27,2788
2026-03-31,Office Chair,11,4950.35,2777
2026-04-01,Office Chair,8,5909.07,2769
2026-04-02,Office Chair,7,6113.49,2762
2026-04-03,Office Chair,8,5806.49,2754
2026-04-04,Office Chair,8,6021.46,2946
2026-04-05,Office Chair,9,5887.48,2937
2026-04-06,Office Chair,9,5927.34,2928
2026-04-07,Office Chair,8,5956.1,2920
2026-04-08,Office Chair,10,5980.49,2910
2026-04-09,Office Chair,8,5993.08,2902
2026-04-10,Office Chair,10,5990.9,2892
2026-04-11,Office Chair,8,5983.71,2884
2026-04-12,Office Chair,9,5904.55,2875
2026-04-13,Office Chair,6,5971.88,2869
2026-04-14,Office Chair,7,6059.2,2862
2026-04-15,Office Chair,7,6034.14,2855
2026-04-16,Office Chair,10,5816.5,2845
2026-04-17,Office Chair,10,6005.68,2835
2026-04-18,Office Chair,11,5924.87,3024
2026-04-19,Office Chair,10,5915.8,3014
2026-04-20,Office Chair,9,5989.62,3005
2026-04-21,Office Chair,9,5931.53,2996
2026-04-22,Office Chair,7,5853.0,2989
2026-04-23,Office Chair,9,6110.4,2980
2026-04-24,Office Chair,9,6051.8,2971
2026-04-25,Office Chair,10,6047.9,2961
2026-04-26,Office Chair,9,5904.19,2952
2026-04-27,Office Chair,5,6197.46,2947
2026-04-28,Office Chair,10,6009.4,2937
2026-04-29,Office Chair,8,6171.82,2929
2026-04-30,Office Chair,9,5986.32,2920
2026-05-01,Office Chair,8,6077.91,2912
2026-05-02,Office Chair,9,5868.7,3103
2026-05-03,Office Chair,9,5763.91,3094
2026-05-04,Office Chair,10,5924.96,3084
2026-05-05,Office Chair,12,6083.37,3072
2026-05-06,Office Chair,9,6015.02,3063
2026-05-07,Office Chair,9,5810.22,3054
2026-05-08,Office Chair,7,6130.31,3047
2026-05-09,Office Chair,12,5060.97,3035
2026-05-10,Office Chair,12,5274.94,3023
2026-05-11,Office Chair,12,4759.87,3011
2026-05-12,Office Chair,10,5272.6,3001
2026-05-13,Office Chair,10,4854.62,2991
2026-05-14,Office Chair,9,6152.23,2982
2026-05-15,Office Chair,8,6125.19,2974
2026-05-16,Office Chair,9,6207.97,3165
2026-05-17,Office Chair,9,6119.88,3156
2026-05-18,Office Chair,8,6028.15,3148
2026-05-19,Office Chair,8,5814.41,3140
2026-05-20,Office Chair,10,5735.63,3130
2026-05-21,Office Chair,9,6107.63,3121
2026-05-22,Office Chair,13,4535.95,3108
2026-05-23,Office Chair,10,5231.68,3098
2026-05-24,Office Chair,9,6023.5,3089
2026-05-25,Office Chair,8,5970.35,3081
2026-05-26,Office Chair,10,6065.53,3071
2026-05-27,Office Chair,7,6190.21,3064
2026-05-28,Office Chair,9,5997.27,3055
2026-05-29,Office Chair,5,6144.34,3050
2026-05-30,Office Chair,8,6039.25,3242
2026-05-31,Office Chair,13,5043.69,3229
2026-06-01,Office Chair,11,4793.93,3218
2026-06-02,Office Chair,12,5088.3,3206
2026-06-03,Office Chair,10,4899.45,3196
2026-06-04,Office Chair,11,4640.22,3185
2026-06-05,Office Chair,9,6077.29,3176
2026-06-06,Office Chair,11,5864.84,3165
2026-06-07,Office Chair,9,6185.29,3156
2026-06-08,Office Chair,7,5880.91,3149
2026-06-09,Office Chair,10,6100.73,3139
2026-06-10,Office Chair,8,5994.36,3131
2026-06-11,Office Chair,8,6087.28,3123
2026-06-12,Office Chair,9,6041.99,3114
2026-06-13,Office Chair,11,5898.4,3303
2026-06-14,Office Chair,10,5946.85,3293
2026-06-15,Office Chair,10,4961.73,3283
2026-06-16,Office Chair,9,4862.6,3274
2026-06-17,Office Chair,9,5790.13,3265
2026-06-18,Office Chair,7,5804.92,3258
2026-06-19,Office Chair,9,5993.52,3249
2026-06-20,Office Chair,9,5929.34,3240
2026-06-21,Office Chair,11,5861.8,3229
2026-06-22,Office Chair,8,6167.71,3221
2026-06-23,Office Chair,10,5922.81,3211
2026-06-24,Office Chair,7,6162.49,3204
2026-06-25,Office Chair,8,5994.13,3196
2026-06-26,Office Chair,8,6026.33,3188
2026-06-27,Office Chair,10,6046.98,3378
2026-06-28,Office Chair,10,4878.38,3368
2026-06-29,Office Chair,10,4930.77,3358
2026-06-30,Office Chair,9,4930.65,3349
2026-07-01,Office Chair,9,5320.65,3340
2026-07-02,Office Chair,8,5924.14,3332
2026-07-03,Office Chair,7,6291.1,3325
2026-07-04,Office Chair,12,4949.38,3313
2026-07-05,Office Chair,10,5179.76,3303
2026-07-06,Office Chair,11,4929.13,3292
2026-07-07,Office Chair,8,5101.44,3284
2026-07-08,Office Chair,9,5175.88,3275
2026-07-09,Office Chair,8,6017.24,3267
2026-07-10,Office Chair,7,5998.55,3260
2026-07-11,Office Chair,9,6150.54,3451
2026-07-12,Office Chair,9,6073.69,3442
2026-07-13,Office Chair,9,6066.61,3433
2026-07-14,Office Chair,8,5911.32,3425
2026-07-15,Office Chair,8,6009.24,3417
2026-07-16,Office Chair,9,6024.41,3408
2026-07-17,Office Chair,8,5908.26,3400
2026-07-18,Office Chair,11,5030.57,3389
2026-07-19,Office Chair,11,5320.15,3378
2026-07-20,Office Chair,9,6049.2,3369
2026-07-21,Office Chair,8,5858.43,3361
2026-07-22,Office Chair,9,5859.72,3352
2026-07-23,Office Chair,9,5715.18,3343
2026-07-24,Office Chair,7,5966.93,3336
2026-07-25,Office Chair,9,5959.58,3527
2026-07-26,Office Chair,11,5957.67,3516
2026-07-27,Office Chair,10,5789.15,3506
2026-07-28,Office Chair,8,5952.42,3498
2026-07-29,Office Chair,9,5936.12,3489
2026-07-30,Office Chair,5,5962.79,3484
2026-07-31,Office Chair,9,5977.87,3475
2026-08-01,Office Chair,10,5145.63,3465
2026-08-02,Office Chair,10,5048.42,3455
2026-08-03,Office Chair,8,6170.03,3447
2026-08-04,Office Chair,8,5966.42,3439
2026-08-05,Office Chair,8,6031.6,3431
2026-08-06,Office Chair,8,5740.93,3423
2026-08-07,Office Chair,9,5955.52,3414
2026-08-08,Office Chair,10,6161.84,3604
2026-08-09,Office Chair,9,5854.6,3595
2026-08-10,Office Chair,8,6031.68,3587
2026-08-11,Office Chair,6,6229.22,3581
2026-08-12,Office Chair,5,5956.87,3576
2026-08-13,Office Chair,7,6305.97,3569
2026-08-14,Office Chair,7,6002.04,3562
2026-08-15,Office Chair,9,5892.27,3553
2026-08-16,Office Chair,9,6310.83,3544
2026-08-17,Office Chair,7,5963.85,3537
2026-08-18,Office Chair,10,5904.41,3527
2026-08-19,Office Chair,7,5743.51,3520
2026-08-20,Office Chair,8,5968.73,3512
2026-08-21,Office Chair,9,5905.76,3503
2026-08-22,Office Chair,8,6068.09,3695
2026-08-23,Office Chair,10,5893.72,3685
2024-08-24,Running Shoes,36,2506.56,864
2024-08-25,Running Shoes,41,2475.43,823
2024-08-26,Running Shoes,26,2479.45,797
2024-08-27,Running Shoes,28,2504.77,769
2024-08-28,Running Shoes,28,2515.88,741
2024-08-29,Running Shoes,30,2561.94,711
2024-08-30,Running Shoes,32,2499.42,679
2024-08-31,Running Shoes,36,2549.93,643
2024-09-01,Running Shoes,43,2110.89,600
2024-09-02,Running Shoes,32,2020.42,568
2024-09-03,Running Shoes,39,2122.04,529
2024-09-04,Running Shoes,38,2010.25,491
2024-09-05,Running Shoes,44,1872.49,447
2024-09-06,Running Shoes,30,2470.3,417
2024-09-07,Running Shoes,29,2458.1,1138
2024-09-08,Running Shoes,43,2096.72,1095
2024-09-09,Running Shoes,37,2019.42,1058
2024-09-10,Running Shoes,31,2462.07,1027
2024-09-11,Running Shoes,50,1973.07,977
2024-09-12,Running Shoes,46,1835.02,931
2024-09-13,Running Shoes,40,2083.15,891
2024-09-14,Running Shoes,49,1964.53,842
2024-09-15,Running Shoes,49,2076.75,793
2024-09-16,Running Shoes,25,2429.32,768
2024-09-17,Running Shoes,22,2496.18,746
2024-09-18,Running Shoes,36,2443.65,710
2024-09-19,Running Shoes,31,2434.7,679
2024-09-20,Running Shoes,28,2493.2,651
2024-09-21,Running Shoes,34,2542.89,1367
2024-09-22,Running Shoes,26,2521.79,1341
2024-09-23,Running Shoes,33,2570.54,1308
2024-09-24,Running Shoes,25,2402.57,1283
2024-09-25,Running Shoes,23,2490.42,1260
2024-09-26,Running Shoes,29,2587.33,1231
2024-09-27,Running Shoes,22,2448.14,1209
2024-09-28,Running Shoes,35,2415.06,1174
2024-09-29,Running Shoes,35,2450.75,1139
2024-09-30,Running Shoes,30,2596.85,1109
2024-10-01,Running Shoes,39,2535.89,1070
2024-10-02,Running Shoes,30,2573.07,1040
2024-10-03,Running Shoes,36,2481.26,1004
2024-10-04,Running Shoes,37,2484.76,967
2024-10-05,Running Shoes,66,1927.58,1651
2024-10-06,Running Shoes,65,1937.77,1586
2024-10-07,Running Shoes,46,2249.85,1540
2024-10-08,Running Shoes,44,2117.33,1496
2024-10-09,Running Shoes,50,1925.67,1446
2024-10-10,Running Shoes,27,2558.59,1419
2024-10-11,Running Shoes,31,2492.25,1388
2024-10-12,Running Shoes,37,2467.16,1351
2024-10-13,Running Shoes,50,2159.49,1301
2024-10-14,Running Shoes,54,1934.09,1247
2024-10-15,Running Shoes,51,2017.21,1196
2024-10-16,Running Shoes,40,2518.5,1156
2024-10-17,Running Shoes,36,2487.28,1120
2024-10-18,Running Shoes,48,1965.02,1072
2024-10-19,Running Shoes,66,1872.63,1756
2024-10-20,Running Shoes,49,2181.66,1707
2024-10-21,Running Shoes,26,2559.76,1681
2024-10-22,Running Shoes,35,2467.62,1646
2024-10-23,Running Shoes,39,2531.13,1607
2024-10-24,Running Shoes,35,2527.01,1572
2024-10-25,Running Shoes,31,2434.35,1541
2024-10-26,Running Shoes,41,2491.58,1500
2024-10-27,Running Shoes,36,2502.63,1464
2024-10-28,Running Shoes,30,2467.75,1434
2024-10-29,Running Shoes,38,2490.6,1396
2024-10-30,Running Shoes,43,2478.72,1353
2024-10-31,Running Shoes,40,2563.2,1313
2024-11-01,Running Shoes,46,2482.48,1267
2024-11-02,Running Shoes,57,2107.37,1960
2024-11-03,Running Shoes,60,2039.02,1900
2024-11-04,Running Shoes,54,2072.21,1846
2024-11-05,Running Shoes,65,1838.31,1781
2024-11-06,Running Shoes,40,2551.83,1741
2024-11-07,Running Shoes,38,2492.51,1703
2024-11-08,Running Shoes,43,2470.85,1660
2024-11-09,Running Shoes,43,2456.95,1617
2024-11-10,Running Shoes,45,2425.68,1572
2024-11-11,Running Shoes,46,2446.74,1526
2024-11-12,Running Shoes,38,2464.11,1488
2024-11-13,Running Shoes,39,2464.92,1449
2024-11-14,Running Shoes,46,2464.63,1403
2024-11-15,Running Shoes,32,2550.42,1371
2024-11-16,Running Shoes,40,2450.45,2081
2024-11-17,Running Shoes,45,2510.42,2036
2024-11-18,Running Shoes,45,2542.66,1991
2024-11-19,Running Shoes,46,2574.07,1945
2024-11-20,Running Shoes,35,2415.61,1910
2024-11-21,Running Shoes,37,2599.67,1873
2024-11-22,Running Shoes,37,2473.75,1836
2024-11-23,Running Shoes,43,2542.71,1793
2024-11-24,Running Shoes,48,2530.4,1745
2024-11-25,Running Shoes,37,2444.47,1708
2024-11-26,Running Shoes,36,2544.5,1672
2024-11-27,Running Shoes,38,2505.79,1634
2024-11-28,Running Shoes,38,2514.08,1596
2024-11-29,Running Shoes,43,2463.24,1553
2024-11-30,Running Shoes,49,2512.62,2254
2024-12-01,Running Shoes,48,2593.87,2206
2024-12-02,Running Shoes,39,2497.19,2167
2024-12-03,Running Shoes,36,2562.32,2131
2024-12-04,Running Shoes,46,2519.79,2085
2024-12-05,Running Shoes,45,2459.48,2040
2024-12-06,Running Shoes,53,2437.47,1987
2024-12-07,Running Shoes,50,2449.34,1937
2024-12-08,Running Shoes,58,2390.71,1879
2024-12-09,Running Shoes,39,2512.22,1840
2024-12-10,Running Shoes,39,2505.23,1801
2024-12-11,Running Shoes,43,2503.48,1758
2024-12-12,Running Shoes,37,2498.93,1721
2024-12-13,Running Shoes,39,2529.32,1682
2024-12-14,Running Shoes,48,2500.59,2384
2024-12-15,Running Shoes,49,2412.13,2335
2024-12-16,Running Shoes,51,2590.47,2284
2024-12-17,Running Shoes,46,2521.89,2238
2024-12-18,Running Shoes,47,2514.65,2191
2024-12-19,Running Shoes,38,2525.1,2153
2024-12-20,Running Shoes,71,1830.87,2082
2024-12-21,Running Shoes,68,2126.9,2014
2024-12-22,Running Shoes,58,2186.81,1956
2024-12-23,Running Shoes,64,1951.51,1892
2024-12-24,Running Shoes,57,2070.86,1835
2024-12-25,Running Shoes,43,2470.89,1792
2024-12-26,Running Shoes,50,2519.35,1742
2024-12-27,Running Shoes,43,2596.78,1699
2024-12-28,Running Shoes,54,2474.64,2395
2024-12-29,Running Shoes,59,2425.51,2336
2024-12-30,Running Shoes,39,2520.93,2297
2024-12-31,Running Shoes,44,2562.12,2253
2025-01-01,Running Shoes,40,2499.37,2213
2025-01-02,Running Shoes,31,2453.99,2182
2025-01-03,Running Shoes,23,2486.48,2159
2025-01-04,Running Shoes,25,2429.74,2134
2025-01-05,Running Shoes,32,2461.22,2102
2025-01-06,Running Shoes,30,2456.47,2072
2025-01-07,Running Shoes,36,2518.36,2036
2025-01-08,Running Shoes,34,2550.3,2002
2025-01-09,Running Shoes,34,2520.95,1968
2025-01-10,Running Shoes,33,2459.48,1935
2025-01-11,Running Shoes,33,2444.62,2652
2025-01-12,Running Shoes,45,2034.65,2607
2025-01-13,Running Shoes,36,2140.77,2571
2025-01-14,Running Shoes,52,1855.68,2519
2025-01-15,Running Shoes,24,2576.03,2495
2025-01-16,Running Shoes,23,2496.03,2472
2025-01-17,Running Shoes,30,2451.2,2442
2025-01-18,Running Shoes,26,2591.41,2416
2025-01-19,Running Shoes,30,2454.22,2386
2025-01-20,Running Shoes,22,2499.07,2364
2025-01-21,Running Shoes,32,2438.75,2332
2025-01-22,Running Shoes,31,2522.14,2301
2025-01-23,Running Shoes,33,2502.34,2268
2025-01-24,Running Shoes,32,2494.04,2236
2025-01-25,Running Shoes,39,2462.3,2947
2025-01-26,Running Shoes,42,2503.68,2905
2025-01-27,Running Shoes,25,2487.35,2880
2025-01-28,Running Shoes,38,2537.5,2842
2025-01-29,Running Shoes,26,2434.68,2816
2025-01-30,Running Shoes,33,2544.9,2783
2025-01-31,Running Shoes,32,2437.72,2751
2025-02-01,Running Shoes,36,2538.12,2715
2025-02-02,Running Shoes,37,2235.79,2678
2025-02-03,Running Shoes,38,2284.35,2640
2025-02-04,Running Shoes,37,2028.12,2603
2025-02-05,Running Shoes,50,1995.05,2553
2025-02-06,Running Shoes,25,2505.02,2528
2025-02-07,Running Shoes,36,2188.16,2492
2025-02-08,Running Shoes,64,1918.27,3178
2025-02-09,Running Shoes,63,1796.68,3115
2025-02-10,Running Shoes,28,2528.0,3087
2025-02-11,Running Shoes,26,2508.62,3061
2025-02-12,Running Shoes,23,2558.2,3038
2025-02-13,Running Shoes,27,2480.48,3011
2025-02-14,Running Shoes,27,2451.29,2984
2025-02-15,Running Shoes,37,2460.59,2947
2025-02-16,Running Shoes,36,2526.75,2911
2025-02-17,Running Shoes,35,2463.91,2876
2025-02-18,Running Shoes,38,2474.23,2838
2025-02-19,Running Shoes,36,2553.58,2802
2025-02-20,Running Shoes,30,2533.54,2772
2025-02-21,Running Shoes,22,2486.8,2750
2025-02-22,Running Shoes,39,2511.22,3461
2025-02-23,Running Shoes,29,2532.23,3432
2025-02-24,Running Shoes,33,2375.24,3399
2025-02-25,Running Shoes,34,2453.85,3365
2025-02-26,Running Shoes,44,2427.37,3321
2025-02-27,Running Shoes,29,2444.86,3292
2025-02-28,Running Shoes,37,2490.24,3255
2025-03-01,Running Shoes,32,2591.72,3223
2025-03-02,Running Shoes,40,2550.08,3183
2025-03-03,Running Shoes,32,2485.4,3151
2025-03-04,Running Shoes,36,2489.2,3115
2025-03-05,Running Shoes,39,2494.68,3076
2025-03-06,Running Shoes,55,1857.13,3021
2025-03-07,Running Shoes,41,2076.25,2980
2025-03-08,Running Shoes,26,2496.1,3704
2025-03-09,Running Shoes,31,2503.94,3673
2025-03-10,Running Shoes,40,2486.11,3633
2025-03-11,Running Shoes,26,2515.56,3607
2025-03-12,Running Shoes,30,2512.84,3577
2025-03-13,Running Shoes,29,2515.63,3548
2025-03-14,Running Shoes,31,2483.73,3517
2025-03-15,Running Shoes,39,2510.35,3478
2025-03-16,Running Shoes,34,2522.44,3444
2025-03-17,Running Shoes,26,2427.65,3418
2025-03-18,Running Shoes,39,2388.41,3379
2025-03-19,Running Shoes,20,2558.3,3359
2025-03-20,Running Shoes,33,2571.67,3326
2025-03-21,Running Shoes,28,2401.89,3298
2025-03-22,Running Shoes,41,2078.32,4007
2025-03-23,Running Shoes,53,2047.74,3954
2025-03-24,Running Shoes,46,1926.6,3908
2025-03-25,Running Shoes,31,2420.38,3877
2025-03-26,Running Shoes,31,2518.7,3846
2025-03-27,Running Shoes,32,2488.82,3814
2025-03-28,Running Shoes,32,2546.81,3782
2025-03-29,Running Shoes,43,2424.58,3739
2025-03-30,Running Shoes,47,2502.6,3692
2025-03-31,Running Shoes,27,2579.53,3665
2025-04-01,Running Shoes,33,2500.33,3632
2025-04-02,Running Shoes,30,2498.51,3602
2025-04-03,Running Shoes,36,2453.86,3566
2025-04-04,Running Shoes,23,2550.12,3543
2025-04-05,Running Shoes,40,2466.83,4253
2025-04-06,Running Shoes,35,2472.24,4218
2025-04-07,Running Shoes,26,2540.87,4192
2025-04-08,Running Shoes,38,2516.26,4154
2025-04-09,Running Shoes,33,2486.88,4121
2025-04-10,Running Shoes,31,2439.09,4090
2025-04-11,Running Shoes,37,2418.99,4053
2025-04-12,Running Shoes,33,2506.01,4020
2025-04-13,Running Shoes,34,2524.71,3986
2025-04-14,Running Shoes,52,1992.76,3934
2025-04-15,Running Shoes,39,2202.67,3895
2025-04-16,Running Shoes,35,2149.3,3860
2025-04-17,Running Shoes,54,1948.97,3806
2025-04-18,Running Shoes,27,2564.71,3779
2025-04-19,Running Shoes,40,2475.16,4489
2025-04-20,Running Shoes,32,2561.08,4457
2025-04-21,Running Shoes,39,2405.4,4418
2025-04-22,Running Shoes,22,2498.81,4396
2025-04-23,Running Shoes,47,2053.56,4349
2025-04-24,Running Shoes,47,1980.13,4302
2025-04-25,Running Shoes,49,2114.03,4253
2025-04-26,Running Shoes,35,2523.87,4218
2025-04-27,Running Shoes,38,2556.94,4180
2025-04-28,Running Shoes,34,2535.5,4146
2025-04-29,Running Shoes,30,2518.74,4116
2025-04-30,Running Shoes,25,2489.23,4091
2025-05-01,Running Shoes,32,2561.3,4059
2025-05-02,Running Shoes,36,2470.19,4023
2025-05-03,Running Shoes,39,2561.23,4734
2025-05-04,Running Shoes,34,2491.84,4700
2025-05-05,Running Shoes,29,2426.32,4671
2025-05-06,Running Shoes,36,2513.16,4635
2025-05-07,Running Shoes,29,2536.5,4606
2025-05-08,Running Shoes,29,2491.58,4577
2025-05-09,Running Shoes,25,2382.52,4552
2025-05-10,Running Shoes,30,2485.76,4522
2025-05-11,Running Shoes,41,2452.8,4481
2025-05-12,Running Shoes,22,2580.95,4459
2025-05-13,Running Shoes,39,2427.25,4420
2025-05-14,Running Shoes,32,2503.01,4388
2025-05-15,Running Shoes,35,2442.97,4353
2025-05-16,Running Shoes,35,2439.01,4318
2025-05-17,Running Shoes,35,2510.37,5033
2025-05-18,Running Shoes,56,1950.11,4977
2025-05-19,Running Shoes,37,2150.06,4940
2025-05-20,Running Shoes,41,2105.33,4899
2025-05-21,Running Shoes,48,1913.97,4851
2025-05-22,Running Shoes,22,2529.39,4829
2025-05-23,Running Shoes,49,1842.86,4780
2025-05-24,Running Shoes,48,1920.23,4732
2025-05-25,Running Shoes,47,2142.24,4685
2025-05-26,Running Shoes,49,2027.8,4636
2025-05-27,Running Shoes,36,2528.4,4600
2025-05-28,Running Shoes,29,2563.02,4571
2025-05-29,Running Shoes,22,2499.17,4549
2025-05-30,Running Shoes,30,2476.83,4519
2025-05-31,Running Shoes,31,2580.08,5238
2025-06-01,Running Shoes,32,2477.45,5206
2025-06-02,Running Shoes,31,2495.33,5175
2025-06-03,Running Shoes,33,2476.13,5142
2025-06-04,Running Shoes,29,2472.06,5113
2025-06-05,Running Shoes,56,2033.72,5057
2025-06-06,Running Shoes,36,2224.0,5021
2025-06-07,Running Shoes,48,2187.3,4973
2025-06-08,Running Shoes,61,1896.67,4912
2025-06-09,Running Shoes,32,2509.42,4880
2025-06-10,Running Shoes,43,2443.46,4837
2025-06-11,Running Shoes,25,2481.46,4812
2025-06-12,Running Shoes,40,2547.68,4772
2025-06-13,Running Shoes,31,2516.36,4741
2025-06-14,Running Shoes,39,2609.89,5452
2025-06-15,Running Shoes,37,2525.43,5415
2025-06-16,Running Shoes,28,2444.23,5387
2025-06-17,Running Shoes,28,2561.54,5359
2025-06-18,Running Shoes,21,2558.84,5338
2025-06-19,Running Shoes,30,2599.85,5308
2025-06-20,Running Shoes,35,2504.86,5273
2025-06-21,Running Shoes,33,2507.81,5240
2025-06-22,Running Shoes,34,2503.09,5206
2025-06-23,Running Shoes,26,2481.59,5180
2025-06-24,Running Shoes,35,2464.48,5145
2025-06-25,Running Shoes,26,2495.54,5119
2025-06-26,Running Shoes,32,2535.84,5087
2025-06-27,Running Shoes,30,2368.48,5057
2025-06-28,Running Shoes,34,2453.66,5773
2025-06-29,Running Shoes,39,2497.14,5734
2025-06-30,Running Shoes,22,2483.75,5712
2025-07-01,Running Shoes,37,2446.74,5675
2025-07-02,Running Shoes,27,2549.72,5648
2025-07-03,Running Shoes,32,2446.44,5616
2025-07-04,Running Shoes,28,2519.61,5588
2025-07-05,Running Shoes,44,2497.44,5544
2025-07-06,Running Shoes,35,2511.99,5509
2025-07-07,Running Shoes,28,2523.7,5481
2025-07-08,Running Shoes,29,2550.59,5452
2025-07-09,Running Shoes,31,2581.28,5421
2025-07-10,Running Shoes,28,2658.95,5393
2025-07-11,Running Shoes,37,2484.94,5356
2025-07-12,Running Shoes,40,2461.39,6066
2025-07-13,Running Shoes,39,2493.49,6027
2025-07-14,Running Shoes,41,2145.62,5986
2025-07-15,Running Shoes,36,2051.39,5950
2025-07-16,Running Shoes,36,2109.23,5914
2025-07-17,Running Shoes,42,2034.61,5872
2025-07-18,Running Shoes,31,2480.64,5841
2025-07-19,Running Shoes,33,2509.88,5808
2025-07-20,Running Shoes,31,2533.8,5777
2025-07-21,Running Shoes,31,2497.78,5746
2025-07-22,Running Shoes,36,2516.29,5710
2025-07-23,Running Shoes,29,2538.15,5681
2025-07-24,Running Shoes,28,2488.26,5653
2025-07-25,Running Shoes,25,2516.89,5628
2025-07-26,Running Shoes,33,2535.61,6345
2025-07-27,Running Shoes,36,2517.2,6309
2025-07-28,Running Shoes,32,2517.78,6277
2025-07-29,Running Shoes,32,2508.81,6245
2025-07-30,Running Shoes,27,2539.11,6218
2025-07-31,Running Shoes,36,2409.05,6182
2025-08-01,Running Shoes,25,2557.4,6157
2025-08-02,Running Shoes,31,2423.9,6126
2025-08-03,Running Shoes,40,2532.15,6086
2025-08-04,Running Shoes,26,2455.73,6060
2025-08-05,Running Shoes,30,2610.01,6030
2025-08-06,Running Shoes,29,2487.06,6001
2025-08-07,Running Shoes,28,2473.72,5973
2025-08-08,Running Shoes,30,2476.63,5943
2025-08-09,Running Shoes,34,2513.29,6659
2025-08-10,Running Shoes,35,2457.64,6624
2025-08-11,Running Shoes,34,2501.33,6590
2025-08-12,Running Shoes,27,2607.63,6563
2025-08-13,Running Shoes,35,2461.38,6528
2025-08-14,Running Shoes,27,2479.3,6501
2025-08-15,Running Shoes,29,2519.91,6472
2025-08-16,Running Shoes,31,2463.44,6441
2025-08-17,Running Shoes,36,2522.0,6405
2025-08-18,Running Shoes,30,2117.73,6375
2025-08-19,Running Shoes,30,2230.46,6345
2025-08-20,Running Shoes,30,2470.64,6315
2025-08-21,Running Shoes,37,2463.47,6278
2025-08-22,Running Shoes,24,2489.84,6254
2025-08-23,Running Shoes,56,1887.34,6948
2025-08-24,Running Shoes,56,1939.96,6892
2025-08-25,Running Shoes,46,1942.8,6846
2025-08-26,Running Shoes,45,2053.48,6801
2025-08-27,Running Shoes,40,2543.81,6761
2025-08-28,Running Shoes,30,2484.55,6731
2025-08-29,Running Shoes,21,2502.38,6710
2025-08-30,Running Shoes,37,2493.24,6673
2025-08-31,Running Shoes,43,2450.84,6630
2025-09-01,Running Shoes,21,2511.0,6609
2025-09-02,Running Shoes,28,2551.47,6581
2025-09-03,Running Shoes,45,2086.66,6536
2025-09-04,Running Shoes,51,1955.76,6485
2025-09-05,Running Shoes,26,2436.07,6459
2025-09-06,Running Shoes,31,2527.89,7178
2025-09-07,Running Shoes,35,2458.68,7143
2025-09-08,Running Shoes,23,2499.99,7120
2025-09-09,Running Shoes,25,2472.54,7095
2025-09-10,Running Shoes,35,2607.44,7060
2025-09-11,Running Shoes,29,2485.73,7031
2025-09-12,Running Shoes,35,2478.0,6996
2025-09-13,Running Shoes,37,2484.22,6959
2025-09-14,Running Shoes,36,2487.0,6923
2025-09-15,Running Shoes,24,2434.33,6899
2025-09-16,Running Shoes,24,2422.15,6875
2025-09-17,Running Shoes,26,2560.65,6849
2025-09-18,Running Shoes,32,2451.25,6817
2025-09-19,Running Shoes,37,2454.64,6780
2025-09-20,Running Shoes,35,2499.84,7495
2025-09-21,Running Shoes,33,2591.82,7462
2025-09-22,Running Shoes,33,2477.93,7429
2025-09-23,Running Shoes,41,2504.45,7388
2025-09-24,Running Shoes,30,2510.65,7358
2025-09-25,Running Shoes,42,1955.88,7316
2025-09-26,Running Shoes,44,2226.33,7272
2025-09-27,Running Shoes,37,2222.43,7235
2025-09-28,Running Shoes,42,2212.83,7193
2025-09-29,Running Shoes,26,2447.65,7167
2025-09-30,Running Shoes,32,2460.84,7135
2025-10-01,Running Shoes,30,2549.4,7105
2025-10-02,Running Shoes,33,2463.4,7072
2025-10-03,Running Shoes,29,2502.47,7043
2025-10-04,Running Shoes,44,2441.85,7749
2025-10-05,Running Shoes,41,2497.8,7708
2025-10-06,Running Shoes,30,2491.12,7678
2025-10-07,Running Shoes,35,2442.39,7643
2025-10-08,Running Shoes,34,2463.92,7609
2025-10-09,Running Shoes,37,2554.26,7572
2025-10-10,Running Shoes,44,1905.41,7528
2025-10-11,Running Shoes,52,2149.74,7476
2025-10-12,Running Shoes,49,2182.57,7427
2025-10-13,Running Shoes,50,2169.43,7377
2025-10-14,Running Shoes,53,2031.15,7324
2025-10-15,Running Shoes,33,2460.25,7291
2025-10-16,Running Shoes,30,2496.88,7261
2025-10-17,Running Shoes,25,2512.02,7236
2025-10-18,Running Shoes,40,2473.67,7946
2025-10-19,Running Shoes,58,1866.08,7888
2025-10-20,Running Shoes,45,2082.16,7843
2025-10-21,Running Shoes,47,2149.37,7796
2025-10-22,Running Shoes,54,2042.32,7742
2025-10-23,Running Shoes,55,1916.87,7687
2025-10-24,Running Shoes,41,2552.38,7646
2025-10-25,Running Shoes,33,2551.96,7613
2025-10-26,Running Shoes,42,2482.26,7571
2025-10-27,Running Shoes,30,2511.49,7541
2025-10-28,Running Shoes,35,2581.26,7506
2025-10-29,Running Shoes,36,2481.82,7470
2025-10-30,Running Shoes,43,2118.23,7427
2025-10-31,Running Shoes,48,1954.31,7379
2025-11-01,Running Shoes,68,2099.62,8061
2025-11-02,Running Shoes,64,2068.42,7997
2025-11-03,Running Shoes,61,1937.5,7936
2025-11-04,Running Shoes,27,2534.55,7909
2025-11-05,Running Shoes,38,2578.45,7871
2025-11-06,Running Shoes,34,2559.49,7837
2025-11-07,Running Shoes,51,2434.88,7786
2025-11-08,Running Shoes,70,1924.26,7716
2025-11-09,Running Shoes,63,2012.85,7653
2025-11-10,Running Shoes,44,2275.2,7609
2025-11-11,Running Shoes,62,1929.97,7547
2025-11-12,Running Shoes,64,1915.04,7483
2025-11-13,Running Shoes,42,2454.12,7441
2025-11-14,Running Shoes,44,2415.03,7397
2025-11-15,Running Shoes,46,2572.03,8101
2025-11-16,Running Shoes,41,2520.5,8060
2025-11-17,Running Shoes,48,2432.24,8012
2025-11-18,Running Shoes,42,2453.21,7970
2025-11-19,Running Shoes,34,2548.62,7936
2025-11-20,Running Shoes,40,2549.79,7896
2025-11-21,Running Shoes,66,1974.4,7830
2025-11-22,Running Shoes,60,2258.22,7770
2025-11-23,Running Shoes,56,2072.42,7714
2025-11-24,Running Shoes,56,2160.56,7658
2025-11-25,Running Shoes,54,1864.88,7604
2025-11-26,Running Shoes,39,2478.49,7565
2025-11-27,Running Shoes,33,2552.58,7532
2025-11-28,Running Shoes,48,2560.31,7484
2025-11-29,Running Shoes,40,2476.03,8194
2025-11-30,Running Shoes,44,2535.85,8150
2025-12-01,Running Shoes,47,2452.46,8103
2025-12-02,Running Shoes,47,2410.92,8056
2025-12-03,Running Shoes,35,2530.62,8021
2025-12-04,Running Shoes,64,2051.95,7957
2025-12-05,Running Shoes,52,2224.64,7905
2025-12-06,Running Shoes,69,2062.02,7836
2025-12-07,Running Shoes,61,2264.62,7775
2025-12-08,Running Shoes,35,2455.0,7740
2025-12-09,Running Shoes,42,2517.51,7698
2025-12-10,Running Shoes,48,2181.61,7650
2025-12-11,Running Shoes,55,2206.91,7595
2025-12-12,Running Shoes,45,2454.98,7550
2025-12-13,Running Shoes,52,2440.39,8248
2025-12-14,Running Shoes,57,2435.28,8191
2025-12-15,Running Shoes,42,2487.89,8149
2025-12-16,Running Shoes,33,2489.7,8116
2025-12-17,Running Shoes,46,2522.51,8070
2025-12-18,Running Shoes,48,2485.52,8022
2025-12-19,Running Shoes,51,2422.59,7971
2025-12-20,Running Shoes,41,2553.54,7930
2025-12-21,Running Shoes,48,2524.48,7882
2025-12-22,Running Shoes,54,2379.71,7828
2025-12-23,Running Shoes,46,2557.32,7782
2025-12-24,Running Shoes,46,2482.94,7736
2025-12-25,Running Shoes,52,2503.15,7684
2025-12-26,Running Shoes,50,2418.69,7634
2025-12-27,Running Shoes,53,2601.13,8331
2025-12-28,Running Shoes,44,2543.2,8287
2025-12-29,Running Shoes,35,2573.73,8252
2025-12-30,Running Shoes,42,2532.47,8210
2025-12-31,Running Shoes,42,2522.26,8168
2026-01-01,Running Shoes,29,2568.54,8139
2026-01-02,Running Shoes,28,2462.08,8111
2026-01-03,Running Shoes,39,2397.91,8072
2026-01-04,Running Shoes,57,1852.23,8015
2026-01-05,Running Shoes,34,2160.06,7981
2026-01-06,Running Shoes,40,2151.27,7941
2026-01-07,Running Shoes,40,2178.32,7901
2026-01-08,Running Shoes,35,2495.02,7866
2026-01-09,Running Shoes,31,2521.63,7835
2026-01-10,Running Shoes,53,2064.25,8532
2026-01-11,Running Shoes,49,1911.05,8483
2026-01-12,Running Shoes,27,2546.14,8456
2026-01-13,Running Shoes,32,2581.28,8424
2026-01-14,Running Shoes,29,2521.72,8395
2026-01-15,Running Shoes,35,2537.94,8360
2026-01-16,Running Shoes,27,2602.59,8333
2026-01-17,Running Shoes,30,2412.96,8303
2026-01-18,Running Shoes,38,2487.4,8265
2026-01-19,Running Shoes,30,2541.15,8235
2026-01-20,Running Shoes,38,2470.14,8197
2026-01-21,Running Shoes,29,2514.06,8168
2026-01-22,Running Shoes,31,2497.96,8137
2026-01-23,Running Shoes,29,2568.63,8108
2026-01-24,Running Shoes,35,2512.61,8823
2026-01-25,Running Shoes,32,2527.2,8791
2026-01-26,Running Shoes,32,2499.41,8759
2026-01-27,Running Shoes,31,2519.09,8728
2026-01-28,Running Shoes,36,2606.91,8692
2026-01-29,Running Shoes,28,2629.25,8664
2026-01-30,Running Shoes,38,2462.71,8626
2026-01-31,Running Shoes,34,2521.78,8592
2026-02-01,Running Shoes,32,2487.26,8560
2026-02-02,Running Shoes,31,2576.05,8529
2026-02-03,Running Shoes,26,2553.75,8503
2026-02-04,Running Shoes,33,2526.65,8470
2026-02-05,Running Shoes,35,2457.58,8435
2026-02-06,Running Shoes,28,2466.85,8407
2026-02-07,Running Shoes,29,2515.23,9128
2026-02-08,Running Shoes,43,2428.61,9085
2026-02-09,Running Shoes,32,2594.62,9053
2026-02-10,Running Shoes,50,1880.3,9003
2026-02-11,Running Shoes,55,1994.72,8948
2026-02-12,Running Shoes,53,2012.93,8895
2026-02-13,Running Shoes,33,2459.86,8862
2026-02-14,Running Shoes,26,2591.29,8836
2026-02-15,Running Shoes,42,2467.28,8794
2026-02-16,Running Shoes,36,2505.1,8758
2026-02-17,Running Shoes,38,2520.11,8720
2026-02-18,Running Shoes,34,2460.7,8686
2026-02-19,Running Shoes,36,2504.52,8650
2026-02-20,Running Shoes,41,2083.92,8609
2026-02-21,Running Shoes,43,2199.42,9316
2026-02-22,Running Shoes,48,2204.95,9268
2026-02-23,Running Shoes,24,2534.93,9244
2026-02-24,Running Shoes,32,2562.74,9212
2026-02-25,Running Shoes,39,2533.7,9173
2026-02-26,Running Shoes,26,2547.09,9147
2026-02-27,Running Shoes,37,2379.73,9110
2026-02-28,Running Shoes,38,2558.49,9072
2026-03-01,Running Shoes,44,2201.26,9028
2026-03-02,Running Shoes,42,1934.86,8986
2026-03-03,Running Shoes,40,2204.0,8946
2026-03-04,Running Shoes,46,1890.57,8900
2026-03-05,Running Shoes,43,2044.79,8857
2026-03-06,Running Shoes,30,2596.83,8827
2026-03-07,Running Shoes,33,2475.79,9544
2026-03-08,Running Shoes,32,2624.15,9512
2026-03-09,Running Shoes,20,2457.6,9492
2026-03-10,Running Shoes,32,2617.99,9460
2026-03-11,Running Shoes,56,1811.92,9404
2026-03-12,Running Shoes,38,2164.85,9366
2026-03-13,Running Shoes,48,1993.9,9318
2026-03-14,Running Shoes,42,2159.38,9276
2026-03-15,Running Shoes,50,2189.91,9226
2026-03-16,Running Shoes,27,2550.0,9199
2026-03-17,Running Shoes,34,2553.8,9165
2026-03-18,Running Shoes,25,2480.48,9140
2026-03-19,Running Shoes,27,2558.28,9113
2026-03-20,Running Shoes,27,2561.03,9086
2026-03-21,Running Shoes,35,2493.55,9801
2026-03-22,Running Shoes,43,2046.01,9758
2026-03-23,Running Shoes,48,1958.16,9710
2026-03-24,Running Shoes,32,2476.19,9678
2026-03-25,Running Shoes,34,2572.3,9644
2026-03-26,Running Shoes,39,2452.69,9605
2026-03-27,Running Shoes,39,2492.49,9566
2026-03-28,Running Shoes,36,2483.06,9530
2026-03-29,Running Shoes,32,2514.78,9498
2026-03-30,Running Shoes,30,2463.79,9468
2026-03-31,Running Shoes,31,2511.36,9437
2026-04-01,Running Shoes,28,2616.64,9409
2026-04-02,Running Shoes,30,2534.92,9379
2026-04-03,Running Shoes,32,2500.03,9347
2026-04-04,Running Shoes,37,2474.3,10060
2026-04-05,Running Shoes,44,2573.77,10016
2026-04-06,Running Shoes,31,2571.94,9985
2026-04-07,Running Shoes,24,2553.03,9961
2026-04-08,Running Shoes,42,2477.69,9919
2026-04-09,Running Shoes,30,2544.39,9889
2026-04-10,Running Shoes,37,2473.39,9852
2026-04-11,Running Shoes,37,2519.21,9815
2026-04-12,Running Shoes,44,2369.75,9771
2026-04-13,Running Shoes,50,1994.72,9721
2026-04-14,Running Shoes,47,1939.72,9674
2026-04-15,Running Shoes,39,2282.02,9635
2026-04-16,Running Shoes,42,2059.75,9593
2026-04-17,Running Shoes,31,2409.04,9562
2026-04-18,Running Shoes,39,2427.14,10273
2026-04-19,Running Shoes,34,2497.41,10239
2026-04-20,Running Shoes,28,2483.15,10211
2026-04-21,Running Shoes,36,2422.95,10175
2026-04-22,Running Shoes,35,2517.81,10140
2026-04-23,Running Shoes,21,2538.94,10119
2026-04-24,Running Shoes,33,2554.13,10086
2026-04-25,Running Shoes,35,2584.18,10051
2026-04-26,Running Shoes,35,2451.1,10016
2026-04-27,Running Shoes,28,2469.35,9988
2026-04-28,Running Shoes,34,2583.8,9954
2026-04-29,Running Shoes,32,2549.68,9922
2026-04-30,Running Shoes,31,2493.85,9891
2026-05-01,Running Shoes,28,2505.98,9863
2026-05-02,Running Shoes,38,2514.29,10575
2026-05-03,Running Shoes,43,2442.42,10532
2026-05-04,Running Shoes,40,2399.67,10492
2026-05-05,Running Shoes,36,2508.5,10456
2026-05-06,Running Shoes,31,2549.12,10425
2026-05-07,Running Shoes,37,2397.73,10388
2026-05-08,Running Shoes,31,2458.28,10357
2026-05-09,Running Shoes,41,2469.82,10316
2026-05-10,Running Shoes,48,2487.55,10268
2026-05-11,Running Shoes,26,2526.38,10242
2026-05-12,Running Shoes,35,2506.43,10207
2026-05-13,Running Shoes,30,2480.66,10177
2026-05-14,Running Shoes,32,2530.6,10145
2026-05-15,Running Shoes,34,2458.64,10111
2026-05-16,Running Shoes,63,1875.08,10798
2026-05-17,Running Shoes,58,2006.3,10740
2026-05-18,Running Shoes,53,1942.43,10687
2026-05-19,Running Shoes,32,2280.36,10655
2026-05-20,Running Shoes,28,2488.81,10627
2026-05-21,Running Shoes,27,2536.99,10600
2026-05-22,Running Shoes,29,2460.1,10571
2026-05-23,Running Shoes,30,2554.71,10541
2026-05-24,Running Shoes,30,2451.85,10511
2026-05-25,Running Shoes,29,2565.04,10482
2026-05-26,Running Shoes,31,2519.32,10451
2026-05-27,Running Shoes,30,2374.95,10421
2026-05-28,Running Shoes,28,2591.73,10393
2026-05-29,Running Shoes,37,1916.02,10356
2026-05-30,Running Shoes,43,2205.43,11063
2026-05-31,Running Shoes,41,2463.09,11022
2026-06-01,Running Shoes,33,2503.61,10989
2026-06-02,Running Shoes,34,2519.09,10955
2026-06-03,Running Shoes,37,2513.54,10918
2026-06-04,Running Shoes,32,2459.12,10886
2026-06-05,Running Shoes,37,2479.21,10849
2026-06-06,Running Shoes,36,2407.58,10813
2026-06-07,Running Shoes,38,2500.98,10775
2026-06-08,Running Shoes,25,2492.06,10750
2026-06-09,Running Shoes,30,2467.87,10720
2026-06-10,Running Shoes,34,2519.2,10686
2026-06-11,Running Shoes,32,2574.39,10654
2026-06-12,Running Shoes,27,2529.16,10627
2026-06-13,Running Shoes,46,2143.29,11331
2026-06-14,Running Shoes,48,1878.68,11283
2026-06-15,Running Shoes,37,2162.32,11246
2026-06-16,Running Shoes,42,2174.52,11204
2026-06-17,Running Shoes,40,2095.46,11164
2026-06-18,Running Shoes,30,2468.49,11134
2026-06-19,Running Shoes,35,2432.98,11099
2026-06-20,Running Shoes,35,2529.85,11064
2026-06-21,Running Shoes,33,2396.74,11031
2026-06-22,Running Shoes,33,2474.24,10998
2026-06-23,Running Shoes,24,2517.65,10974
2026-06-24,Running Shoes,32,2579.47,10942
2026-06-25,Running Shoes,38,2541.4,10904
2026-06-26,Running Shoes,24,2522.74,10880
2026-06-27,Running Shoes,32,2578.77,11598
2026-06-28,Running Shoes,37,2457.04,11561
2026-06-29,Running Shoes,31,2451.5,11530
2026-06-30,Running Shoes,29,2434.0,11501
2026-07-01,Running Shoes,30,2494.69,11471
2026-07-02,Running Shoes,36,2481.85,11435
2026-07-03,Running Shoes,33,2595.36,11402
2026-07-04,Running Shoes,36,2484.54,11366
2026-07-05,Running Shoes,38,2459.62,11328
2026-07-06,Running Shoes,40,2090.74,11288
2026-07-07,Running Shoes,29,2227.31,11259
2026-07-08,Running Shoes,46,1985.2,11213
2026-07-09,Running Shoes,24,2403.81,11189
2026-07-10,Running Shoes,32,2440.06,11157
2026-07-11,Running Shoes,43,2474.52,11864
2026-07-12,Running Shoes,37,2559.56,11827
2026-07-13,Running Shoes,29,2489.28,11798
2026-07-14,Running Shoes,38,2466.49,11760
2026-07-15,Running Shoes,28,2509.72,11732
2026-07-16,Running Shoes,26,2607.57,11706
2026-07-17,Running Shoes,30,2465.81,11676
2026-07-18,Running Shoes,33,2443.06,11643
2026-07-19,Running Shoes,33,2550.33,11610
2026-07-20,Running Shoes,28,2480.96,11582
2026-07-21,Running Shoes,28,2421.2,11554
2026-07-22,Running Shoes,28,2477.79,11526
2026-07-23,Running Shoes,24,2561.21,11502
2026-07-24,Running Shoes,30,2495.58,11472
2026-07-25,Running Shoes,37,2501.86,12185
2026-07-26,Running Shoes,32,2586.18,12153
2026-07-27,Running Shoes,31,2530.9,12122
2026-07-28,Running Shoes,20,2486.03,12102
2026-07-29,Running Shoes,25,2581.34,12077
2026-07-30,Running Shoes,26,2418.88,12051
2026-07-31,Running Shoes,32,2493.88,12019
2026-08-01,Running Shoes,33,2506.41,11986
2026-08-02,Running Shoes,41,2439.32,11945
2026-08-03,Running Shoes,25,2447.09,11920
2026-08-04,Running Shoes,28,2516.01,11892
2026-08-05,Running Shoes,29,2496.54,11863
2026-08-06,Running Shoes,37,2472.75,11826
2026-08-07,Running Shoes,20,2524.19,11806
2026-08-08,Running Shoes,34,2473.28,12522
2026-08-09,Running Shoes,37,2536.8,12485
2026-08-10,Running Shoes,25,2479.9,12460
2026-08-11,Running Shoes,28,2586.77,12432
2026-08-12,Running Shoes,27,2487.26,12405
2026-08-13,Running Shoes,31,2493.7,12374
2026-08-14,Running Shoes,31,2516.37,12343
2026-08-15,Running Shoes,34,2453.32,12309
2026-08-16,Running Shoes,35,2472.89,12274
2026-08-17,Running Shoes,34,2558.35,12240
2026-08-18,Running Shoes,29,2440.87,12211
2026-08-19,Running Shoes,27,2487.08,12184
2026-08-20,Running Shoes,52,2011.28,12132
2026-08-21,Running Shoes,34,2172.05,12098
2026-08-22,Running Shoes,33,2527.71,12815
2026-08-23,Running Shoes,40,2489.07,12775
